=== Round 2 epoch scoring (GPU) ===
=== Epoch scoring (GPU): 187 checkpoints across focus encoders ===
  Loaded enriched pool cache (enriched_primary_pool.parquet)
  SCORE epoch pubmedbert_base seed=42 ep=1
[benchmark] building BioRED test examples...
[benchmark] built 14395 test examples (leaked PMIDs excluded)
[benchmark] evaluating /lus/lfs1aip2/projects/b5ac/project_1/data/10_recipe_sweep_and_training/matrix/checkpoints/pubmedbert_base/seed_42/epochs/epoch_01 on 14395 BioRED test examples
[benchmark] batch 1/450 examples=32/14395
[benchmark] batch 45/450 examples=1440/14395
[benchmark] batch 90/450 examples=2880/14395
[benchmark] batch 135/450 examples=4320/14395
[benchmark] batch 180/450 examples=5760/14395
[benchmark] batch 225/450 examples=7200/14395
[benchmark] batch 270/450 examples=8640/14395
[benchmark] batch 315/450 examples=10080/14395
[benchmark] batch 360/450 examples=11520/14395
[benchmark] batch 405/450 examples=12960/14395
[benchmark] batch 450/450 examples=14395/14395
[benchmark] done f1=0.7465 precision=0.7370 recall=0.7563 n_positives=8875
  SCORE epoch pubmedbert_base seed=42 ep=2
[benchmark] building BioRED test examples...
[benchmark] built 14395 test examples (leaked PMIDs excluded)
[benchmark] evaluating /lus/lfs1aip2/projects/b5ac/project_1/data/10_recipe_sweep_and_training/matrix/checkpoints/pubmedbert_base/seed_42/epochs/epoch_02 on 14395 BioRED test examples
[benchmark] batch 1/450 examples=32/14395
[benchmark] batch 45/450 examples=1440/14395
[benchmark] batch 90/450 examples=2880/14395
[benchmark] batch 135/450 examples=4320/14395
[benchmark] batch 180/450 examples=5760/14395
[benchmark] batch 225/450 examples=7200/14395
[benchmark] batch 270/450 examples=8640/14395
[benchmark] batch 315/450 examples=10080/14395
[benchmark] batch 360/450 examples=11520/14395
[benchmark] batch 405/450 examples=12960/14395
[benchmark] batch 450/450 examples=14395/14395
[benchmark] done f1=0.6847 precision=0.7846 recall=0.6073 n_positives=8875
  SCORE epoch pubmedbert_base seed=42 ep=3
[benchmark] building BioRED test examples...
[benchmark] built 14395 test examples (leaked PMIDs excluded)
[benchmark] evaluating /lus/lfs1aip2/projects/b5ac/project_1/data/10_recipe_sweep_and_training/matrix/checkpoints/pubmedbert_base/seed_42/epochs/epoch_03 on 14395 BioRED test examples
[benchmark] batch 1/450 examples=32/14395
[benchmark] batch 45/450 examples=1440/14395
[benchmark] batch 90/450 examples=2880/14395
[benchmark] batch 135/450 examples=4320/14395
[benchmark] batch 180/450 examples=5760/14395
[benchmark] batch 225/450 examples=7200/14395
[benchmark] batch 270/450 examples=8640/14395
[benchmark] batch 315/450 examples=10080/14395
[benchmark] batch 360/450 examples=11520/14395
[benchmark] batch 405/450 examples=12960/14395
[benchmark] batch 450/450 examples=14395/14395
[benchmark] done f1=0.7621 precision=0.8000 recall=0.7277 n_positives=8875
  SCORE epoch pubmedbert_base seed=42 ep=4
[benchmark] building BioRED test examples...
[benchmark] built 14395 test examples (leaked PMIDs excluded)
[benchmark] evaluating /lus/lfs1aip2/projects/b5ac/project_1/data/10_recipe_sweep_and_training/matrix/checkpoints/pubmedbert_base/seed_42/epochs/epoch_04 on 14395 BioRED test examples
[benchmark] batch 1/450 examples=32/14395
[benchmark] batch 45/450 examples=1440/14395
[benchmark] batch 90/450 examples=2880/14395
[benchmark] batch 135/450 examples=4320/14395
[benchmark] batch 180/450 examples=5760/14395
[benchmark] batch 225/450 examples=7200/14395
[benchmark] batch 270/450 examples=8640/14395
[benchmark] batch 315/450 examples=10080/14395
[benchmark] batch 360/450 examples=11520/14395
[benchmark] batch 405/450 examples=12960/14395
[benchmark] batch 450/450 examples=14395/14395
[benchmark] done f1=0.7730 precision=0.8045 recall=0.7440 n_positives=8875
  SCORE epoch pubmedbert_base seed=42 ep=5
[benchmark] building BioRED test examples...
[benchmark] built 14395 test examples (leaked PMIDs excluded)
[benchmark] evaluating /lus/lfs1aip2/projects/b5ac/project_1/data/10_recipe_sweep_and_training/matrix/checkpoints/pubmedbert_base/seed_42/epochs/epoch_05 on 14395 BioRED test examples
[benchmark] batch 1/450 examples=32/14395
[benchmark] batch 45/450 examples=1440/14395
[benchmark] batch 90/450 examples=2880/14395
[benchmark] batch 135/450 examples=4320/14395
[benchmark] batch 180/450 examples=5760/14395
[benchmark] batch 225/450 examples=7200/14395
[benchmark] batch 270/450 examples=8640/14395
[benchmark] batch 315/450 examples=10080/14395
[benchmark] batch 360/450 examples=11520/14395
[benchmark] batch 405/450 examples=12960/14395
[benchmark] batch 450/450 examples=14395/14395
[benchmark] done f1=0.7559 precision=0.7969 recall=0.7189 n_positives=8875
  SCORE epoch pubmedbert_base seed=42 ep=6
[benchmark] building BioRED test examples...
[benchmark] built 14395 test examples (leaked PMIDs excluded)
[benchmark] evaluating /lus/lfs1aip2/projects/b5ac/project_1/data/10_recipe_sweep_and_training/matrix/checkpoints/pubmedbert_base/seed_42/epochs/epoch_06 on 14395 BioRED test examples
[benchmark] batch 1/450 examples=32/14395
[benchmark] batch 45/450 examples=1440/14395
[benchmark] batch 90/450 examples=2880/14395
[benchmark] batch 135/450 examples=4320/14395
[benchmark] batch 180/450 examples=5760/14395
[benchmark] batch 225/450 examples=7200/14395
[benchmark] batch 270/450 examples=8640/14395
[benchmark] batch 315/450 examples=10080/14395
[benchmark] batch 360/450 examples=11520/14395
[benchmark] batch 405/450 examples=12960/14395
[benchmark] batch 450/450 examples=14395/14395
[benchmark] done f1=0.7320 precision=0.8010 recall=0.6739 n_positives=8875
  SCORE epoch pubmedbert_base seed=42 ep=7
[benchmark] building BioRED test examples...
[benchmark] built 14395 test examples (leaked PMIDs excluded)
[benchmark] evaluating /lus/lfs1aip2/projects/b5ac/project_1/data/10_recipe_sweep_and_training/matrix/checkpoints/pubmedbert_base/seed_42/epochs/epoch_07 on 14395 BioRED test examples
[benchmark] batch 1/450 examples=32/14395
[benchmark] batch 45/450 examples=1440/14395
[benchmark] batch 90/450 examples=2880/14395
[benchmark] batch 135/450 examples=4320/14395
[benchmark] batch 180/450 examples=5760/14395
[benchmark] batch 225/450 examples=7200/14395
[benchmark] batch 270/450 examples=8640/14395
[benchmark] batch 315/450 examples=10080/14395
[benchmark] batch 360/450 examples=11520/14395
[benchmark] batch 405/450 examples=12960/14395
[benchmark] batch 450/450 examples=14395/14395
[benchmark] done f1=0.7633 precision=0.8030 recall=0.7273 n_positives=8875
  SCORE epoch pubmedbert_base seed=43 ep=1
[benchmark] building BioRED test examples...
[benchmark] built 14395 test examples (leaked PMIDs excluded)
[benchmark] evaluating /lus/lfs1aip2/projects/b5ac/project_1/data/10_recipe_sweep_and_training/matrix/checkpoints/pubmedbert_base/seed_43/epochs/epoch_01 on 14395 BioRED test examples
[benchmark] batch 1/450 examples=32/14395
[benchmark] batch 45/450 examples=1440/14395
[benchmark] batch 90/450 examples=2880/14395
[benchmark] batch 135/450 examples=4320/14395
[benchmark] batch 180/450 examples=5760/14395
[benchmark] batch 225/450 examples=7200/14395
[benchmark] batch 270/450 examples=8640/14395
[benchmark] batch 315/450 examples=10080/14395
[benchmark] batch 360/450 examples=11520/14395
[benchmark] batch 405/450 examples=12960/14395
[benchmark] batch 450/450 examples=14395/14395
[benchmark] done f1=0.7127 precision=0.7993 recall=0.6430 n_positives=8875
  SCORE epoch pubmedbert_base seed=43 ep=2
[benchmark] building BioRED test examples...
[benchmark] built 14395 test examples (leaked PMIDs excluded)
[benchmark] evaluating /lus/lfs1aip2/projects/b5ac/project_1/data/10_recipe_sweep_and_training/matrix/checkpoints/pubmedbert_base/seed_43/epochs/epoch_02 on 14395 BioRED test examples
[benchmark] batch 1/450 examples=32/14395
[benchmark] batch 45/450 examples=1440/14395
[benchmark] batch 90/450 examples=2880/14395
[benchmark] batch 135/450 examples=4320/14395
[benchmark] batch 180/450 examples=5760/14395
[benchmark] batch 225/450 examples=7200/14395
[benchmark] batch 270/450 examples=8640/14395
[benchmark] batch 315/450 examples=10080/14395
[benchmark] batch 360/450 examples=11520/14395
[benchmark] batch 405/450 examples=12960/14395
[benchmark] batch 450/450 examples=14395/14395
[benchmark] done f1=0.6961 precision=0.8070 recall=0.6119 n_positives=8875
  SCORE epoch pubmedbert_base seed=43 ep=3
[benchmark] building BioRED test examples...
[benchmark] built 14395 test examples (leaked PMIDs excluded)
[benchmark] evaluating /lus/lfs1aip2/projects/b5ac/project_1/data/10_recipe_sweep_and_training/matrix/checkpoints/pubmedbert_base/seed_43/epochs/epoch_03 on 14395 BioRED test examples
[benchmark] batch 1/450 examples=32/14395
[benchmark] batch 45/450 examples=1440/14395
[benchmark] batch 90/450 examples=2880/14395
[benchmark] batch 135/450 examples=4320/14395
[benchmark] batch 180/450 examples=5760/14395
[benchmark] batch 225/450 examples=7200/14395
[benchmark] batch 270/450 examples=8640/14395
[benchmark] batch 315/450 examples=10080/14395
[benchmark] batch 360/450 examples=11520/14395
[benchmark] batch 405/450 examples=12960/14395
[benchmark] batch 450/450 examples=14395/14395
[benchmark] done f1=0.7083 precision=0.7999 recall=0.6355 n_positives=8875
  SCORE epoch pubmedbert_base seed=43 ep=4
[benchmark] building BioRED test examples...
[benchmark] built 14395 test examples (leaked PMIDs excluded)
[benchmark] evaluating /lus/lfs1aip2/projects/b5ac/project_1/data/10_recipe_sweep_and_training/matrix/checkpoints/pubmedbert_base/seed_43/epochs/epoch_04 on 14395 BioRED test examples
[benchmark] batch 1/450 examples=32/14395
[benchmark] batch 45/450 examples=1440/14395
[benchmark] batch 90/450 examples=2880/14395
[benchmark] batch 135/450 examples=4320/14395
[benchmark] batch 180/450 examples=5760/14395
[benchmark] batch 225/450 examples=7200/14395
[benchmark] batch 270/450 examples=8640/14395
[benchmark] batch 315/450 examples=10080/14395
[benchmark] batch 360/450 examples=11520/14395
[benchmark] batch 405/450 examples=12960/14395
[benchmark] batch 450/450 examples=14395/14395
[benchmark] done f1=0.7576 precision=0.7714 recall=0.7442 n_positives=8875
  SCORE epoch pubmedbert_base seed=43 ep=5
[benchmark] building BioRED test examples...
[benchmark] built 14395 test examples (leaked PMIDs excluded)
[benchmark] evaluating /lus/lfs1aip2/projects/b5ac/project_1/data/10_recipe_sweep_and_training/matrix/checkpoints/pubmedbert_base/seed_43/epochs/epoch_05 on 14395 BioRED test examples
[benchmark] batch 1/450 examples=32/14395
[benchmark] batch 45/450 examples=1440/14395
[benchmark] batch 90/450 examples=2880/14395
[benchmark] batch 135/450 examples=4320/14395
[benchmark] batch 180/450 examples=5760/14395
[benchmark] batch 225/450 examples=7200/14395
[benchmark] batch 270/450 examples=8640/14395
[benchmark] batch 315/450 examples=10080/14395
[benchmark] batch 360/450 examples=11520/14395
[benchmark] batch 405/450 examples=12960/14395
[benchmark] batch 450/450 examples=14395/14395
[benchmark] done f1=0.7027 precision=0.8218 recall=0.6137 n_positives=8875
  SCORE epoch pubmedbert_base seed=43 ep=6
[benchmark] building BioRED test examples...
[benchmark] built 14395 test examples (leaked PMIDs excluded)
[benchmark] evaluating /lus/lfs1aip2/projects/b5ac/project_1/data/10_recipe_sweep_and_training/matrix/checkpoints/pubmedbert_base/seed_43/epochs/epoch_06 on 14395 BioRED test examples
[benchmark] batch 1/450 examples=32/14395
[benchmark] batch 45/450 examples=1440/14395
[benchmark] batch 90/450 examples=2880/14395
[benchmark] batch 135/450 examples=4320/14395
[benchmark] batch 180/450 examples=5760/14395
[benchmark] batch 225/450 examples=7200/14395
[benchmark] batch 270/450 examples=8640/14395
[benchmark] batch 315/450 examples=10080/14395
[benchmark] batch 360/450 examples=11520/14395
[benchmark] batch 405/450 examples=12960/14395
[benchmark] batch 450/450 examples=14395/14395
[benchmark] done f1=0.7609 precision=0.7426 recall=0.7801 n_positives=8875
  SCORE epoch pubmedbert_base seed=43 ep=7
[benchmark] building BioRED test examples...
[benchmark] built 14395 test examples (leaked PMIDs excluded)
[benchmark] evaluating /lus/lfs1aip2/projects/b5ac/project_1/data/10_recipe_sweep_and_training/matrix/checkpoints/pubmedbert_base/seed_43/epochs/epoch_07 on 14395 BioRED test examples
[benchmark] batch 1/450 examples=32/14395
[benchmark] batch 45/450 examples=1440/14395
[benchmark] batch 90/450 examples=2880/14395
[benchmark] batch 135/450 examples=4320/14395
[benchmark] batch 180/450 examples=5760/14395
[benchmark] batch 225/450 examples=7200/14395
[benchmark] batch 270/450 examples=8640/14395
[benchmark] batch 315/450 examples=10080/14395
[benchmark] batch 360/450 examples=11520/14395
[benchmark] batch 405/450 examples=12960/14395
[benchmark] batch 450/450 examples=14395/14395
[benchmark] done f1=0.7032 precision=0.8222 recall=0.6143 n_positives=8875
  SCORE epoch pubmedbert_base seed=43 ep=8
[benchmark] building BioRED test examples...
[benchmark] built 14395 test examples (leaked PMIDs excluded)
[benchmark] evaluating /lus/lfs1aip2/projects/b5ac/project_1/data/10_recipe_sweep_and_training/matrix/checkpoints/pubmedbert_base/seed_43/epochs/epoch_08 on 14395 BioRED test examples
[benchmark] batch 1/450 examples=32/14395
[benchmark] batch 45/450 examples=1440/14395
[benchmark] batch 90/450 examples=2880/14395
[benchmark] batch 135/450 examples=4320/14395
[benchmark] batch 180/450 examples=5760/14395
[benchmark] batch 225/450 examples=7200/14395
[benchmark] batch 270/450 examples=8640/14395
[benchmark] batch 315/450 examples=10080/14395
[benchmark] batch 360/450 examples=11520/14395
[benchmark] batch 405/450 examples=12960/14395
[benchmark] batch 450/450 examples=14395/14395
[benchmark] done f1=0.7206 precision=0.8039 recall=0.6528 n_positives=8875
  SCORE epoch pubmedbert_base seed=43 ep=9
[benchmark] building BioRED test examples...
[benchmark] built 14395 test examples (leaked PMIDs excluded)
[benchmark] evaluating /lus/lfs1aip2/projects/b5ac/project_1/data/10_recipe_sweep_and_training/matrix/checkpoints/pubmedbert_base/seed_43/epochs/epoch_09 on 14395 BioRED test examples
[benchmark] batch 1/450 examples=32/14395
[benchmark] batch 45/450 examples=1440/14395
[benchmark] batch 90/450 examples=2880/14395
[benchmark] batch 135/450 examples=4320/14395
[benchmark] batch 180/450 examples=5760/14395
[benchmark] batch 225/450 examples=7200/14395
[benchmark] batch 270/450 examples=8640/14395
[benchmark] batch 315/450 examples=10080/14395
[benchmark] batch 360/450 examples=11520/14395
[benchmark] batch 405/450 examples=12960/14395
[benchmark] batch 450/450 examples=14395/14395
[benchmark] done f1=0.7472 precision=0.7606 recall=0.7342 n_positives=8875
  SCORE epoch pubmedbert_base seed=44 ep=1
[benchmark] building BioRED test examples...
[benchmark] built 14395 test examples (leaked PMIDs excluded)
[benchmark] evaluating /lus/lfs1aip2/projects/b5ac/project_1/data/10_recipe_sweep_and_training/matrix/checkpoints/pubmedbert_base/seed_44/epochs/epoch_01 on 14395 BioRED test examples
[benchmark] batch 1/450 examples=32/14395
[benchmark] batch 45/450 examples=1440/14395
[benchmark] batch 90/450 examples=2880/14395
[benchmark] batch 135/450 examples=4320/14395
[benchmark] batch 180/450 examples=5760/14395
[benchmark] batch 225/450 examples=7200/14395
[benchmark] batch 270/450 examples=8640/14395
[benchmark] batch 315/450 examples=10080/14395
[benchmark] batch 360/450 examples=11520/14395
[benchmark] batch 405/450 examples=12960/14395
[benchmark] batch 450/450 examples=14395/14395
[benchmark] done f1=0.7158 precision=0.7841 recall=0.6585 n_positives=8875
  SCORE epoch pubmedbert_base seed=44 ep=2
[benchmark] building BioRED test examples...
[benchmark] built 14395 test examples (leaked PMIDs excluded)
[benchmark] evaluating /lus/lfs1aip2/projects/b5ac/project_1/data/10_recipe_sweep_and_training/matrix/checkpoints/pubmedbert_base/seed_44/epochs/epoch_02 on 14395 BioRED test examples
[benchmark] batch 1/450 examples=32/14395
[benchmark] batch 45/450 examples=1440/14395
[benchmark] batch 90/450 examples=2880/14395
[benchmark] batch 135/450 examples=4320/14395
[benchmark] batch 180/450 examples=5760/14395
[benchmark] batch 225/450 examples=7200/14395
[benchmark] batch 270/450 examples=8640/14395
[benchmark] batch 315/450 examples=10080/14395
[benchmark] batch 360/450 examples=11520/14395
[benchmark] batch 405/450 examples=12960/14395
[benchmark] batch 450/450 examples=14395/14395
[benchmark] done f1=0.7348 precision=0.7670 recall=0.7052 n_positives=8875
  SCORE epoch pubmedbert_base seed=44 ep=3
[benchmark] building BioRED test examples...
[benchmark] built 14395 test examples (leaked PMIDs excluded)
[benchmark] evaluating /lus/lfs1aip2/projects/b5ac/project_1/data/10_recipe_sweep_and_training/matrix/checkpoints/pubmedbert_base/seed_44/epochs/epoch_03 on 14395 BioRED test examples
[benchmark] batch 1/450 examples=32/14395
[benchmark] batch 45/450 examples=1440/14395
[benchmark] batch 90/450 examples=2880/14395
[benchmark] batch 135/450 examples=4320/14395
[benchmark] batch 180/450 examples=5760/14395
[benchmark] batch 225/450 examples=7200/14395
[benchmark] batch 270/450 examples=8640/14395
[benchmark] batch 315/450 examples=10080/14395
[benchmark] batch 360/450 examples=11520/14395
[benchmark] batch 405/450 examples=12960/14395
[benchmark] batch 450/450 examples=14395/14395
[benchmark] done f1=0.7238 precision=0.7396 recall=0.7087 n_positives=8875
  SCORE epoch pubmedbert_base seed=44 ep=4
[benchmark] building BioRED test examples...
[benchmark] built 14395 test examples (leaked PMIDs excluded)
[benchmark] evaluating /lus/lfs1aip2/projects/b5ac/project_1/data/10_recipe_sweep_and_training/matrix/checkpoints/pubmedbert_base/seed_44/epochs/epoch_04 on 14395 BioRED test examples
[benchmark] batch 1/450 examples=32/14395
[benchmark] batch 45/450 examples=1440/14395
[benchmark] batch 90/450 examples=2880/14395
[benchmark] batch 135/450 examples=4320/14395
[benchmark] batch 180/450 examples=5760/14395
[benchmark] batch 225/450 examples=7200/14395
[benchmark] batch 270/450 examples=8640/14395
[benchmark] batch 315/450 examples=10080/14395
[benchmark] batch 360/450 examples=11520/14395
[benchmark] batch 405/450 examples=12960/14395
[benchmark] batch 450/450 examples=14395/14395
[benchmark] done f1=0.7105 precision=0.7796 recall=0.6527 n_positives=8875
  SCORE epoch pubmedbert_base seed=44 ep=5
[benchmark] building BioRED test examples...
[benchmark] built 14395 test examples (leaked PMIDs excluded)
[benchmark] evaluating /lus/lfs1aip2/projects/b5ac/project_1/data/10_recipe_sweep_and_training/matrix/checkpoints/pubmedbert_base/seed_44/epochs/epoch_05 on 14395 BioRED test examples
[benchmark] batch 1/450 examples=32/14395
[benchmark] batch 45/450 examples=1440/14395
[benchmark] batch 90/450 examples=2880/14395
[benchmark] batch 135/450 examples=4320/14395
[benchmark] batch 180/450 examples=5760/14395
[benchmark] batch 225/450 examples=7200/14395
[benchmark] batch 270/450 examples=8640/14395
[benchmark] batch 315/450 examples=10080/14395
[benchmark] batch 360/450 examples=11520/14395
[benchmark] batch 405/450 examples=12960/14395
[benchmark] batch 450/450 examples=14395/14395
[benchmark] done f1=0.7254 precision=0.7858 recall=0.6737 n_positives=8875
  SCORE epoch pubmedbert_base seed=44 ep=6
[benchmark] building BioRED test examples...
[benchmark] built 14395 test examples (leaked PMIDs excluded)
[benchmark] evaluating /lus/lfs1aip2/projects/b5ac/project_1/data/10_recipe_sweep_and_training/matrix/checkpoints/pubmedbert_base/seed_44/epochs/epoch_06 on 14395 BioRED test examples
[benchmark] batch 1/450 examples=32/14395
[benchmark] batch 45/450 examples=1440/14395
[benchmark] batch 90/450 examples=2880/14395
[benchmark] batch 135/450 examples=4320/14395
[benchmark] batch 180/450 examples=5760/14395
[benchmark] batch 225/450 examples=7200/14395
[benchmark] batch 270/450 examples=8640/14395
[benchmark] batch 315/450 examples=10080/14395
[benchmark] batch 360/450 examples=11520/14395
[benchmark] batch 405/450 examples=12960/14395
[benchmark] batch 450/450 examples=14395/14395
[benchmark] done f1=0.7423 precision=0.7711 recall=0.7155 n_positives=8875
  SCORE epoch pubmedbert_base seed=44 ep=7
[benchmark] building BioRED test examples...
[benchmark] built 14395 test examples (leaked PMIDs excluded)
[benchmark] evaluating /lus/lfs1aip2/projects/b5ac/project_1/data/10_recipe_sweep_and_training/matrix/checkpoints/pubmedbert_base/seed_44/epochs/epoch_07 on 14395 BioRED test examples
[benchmark] batch 1/450 examples=32/14395
[benchmark] batch 45/450 examples=1440/14395
[benchmark] batch 90/450 examples=2880/14395
[benchmark] batch 135/450 examples=4320/14395
[benchmark] batch 180/450 examples=5760/14395
[benchmark] batch 225/450 examples=7200/14395
[benchmark] batch 270/450 examples=8640/14395
[benchmark] batch 315/450 examples=10080/14395
[benchmark] batch 360/450 examples=11520/14395
[benchmark] batch 405/450 examples=12960/14395
[benchmark] batch 450/450 examples=14395/14395
[benchmark] done f1=0.6800 precision=0.7986 recall=0.5921 n_positives=8875
  SCORE epoch pubmedbert_base seed=44 ep=8
[benchmark] building BioRED test examples...
[benchmark] built 14395 test examples (leaked PMIDs excluded)
[benchmark] evaluating /lus/lfs1aip2/projects/b5ac/project_1/data/10_recipe_sweep_and_training/matrix/checkpoints/pubmedbert_base/seed_44/epochs/epoch_08 on 14395 BioRED test examples
[benchmark] batch 1/450 examples=32/14395
[benchmark] batch 45/450 examples=1440/14395
[benchmark] batch 90/450 examples=2880/14395
[benchmark] batch 135/450 examples=4320/14395
[benchmark] batch 180/450 examples=5760/14395
[benchmark] batch 225/450 examples=7200/14395
[benchmark] batch 270/450 examples=8640/14395
[benchmark] batch 315/450 examples=10080/14395
[benchmark] batch 360/450 examples=11520/14395
[benchmark] batch 405/450 examples=12960/14395
[benchmark] batch 450/450 examples=14395/14395
[benchmark] done f1=0.7430 precision=0.7792 recall=0.7100 n_positives=8875
  SCORE epoch pubmedbert_base seed=44 ep=9
[benchmark] building BioRED test examples...
[benchmark] built 14395 test examples (leaked PMIDs excluded)
[benchmark] evaluating /lus/lfs1aip2/projects/b5ac/project_1/data/10_recipe_sweep_and_training/matrix/checkpoints/pubmedbert_base/seed_44/epochs/epoch_09 on 14395 BioRED test examples
[benchmark] batch 1/450 examples=32/14395
[benchmark] batch 45/450 examples=1440/14395
[benchmark] batch 90/450 examples=2880/14395
[benchmark] batch 135/450 examples=4320/14395
[benchmark] batch 180/450 examples=5760/14395
[benchmark] batch 225/450 examples=7200/14395
[benchmark] batch 270/450 examples=8640/14395
[benchmark] batch 315/450 examples=10080/14395
[benchmark] batch 360/450 examples=11520/14395
[benchmark] batch 405/450 examples=12960/14395
[benchmark] batch 450/450 examples=14395/14395
[benchmark] done f1=0.7243 precision=0.7858 recall=0.6717 n_positives=8875
  SCORE epoch pubmedbert_base seed=45 ep=1
[benchmark] building BioRED test examples...
[benchmark] built 14395 test examples (leaked PMIDs excluded)
[benchmark] evaluating /lus/lfs1aip2/projects/b5ac/project_1/data/10_recipe_sweep_and_training/matrix/checkpoints/pubmedbert_base/seed_45/epochs/epoch_01 on 14395 BioRED test examples
[benchmark] batch 1/450 examples=32/14395
[benchmark] batch 45/450 examples=1440/14395
[benchmark] batch 90/450 examples=2880/14395
[benchmark] batch 135/450 examples=4320/14395
[benchmark] batch 180/450 examples=5760/14395
[benchmark] batch 225/450 examples=7200/14395
[benchmark] batch 270/450 examples=8640/14395
[benchmark] batch 315/450 examples=10080/14395
[benchmark] batch 360/450 examples=11520/14395
[benchmark] batch 405/450 examples=12960/14395
[benchmark] batch 450/450 examples=14395/14395
[benchmark] done f1=0.6880 precision=0.7822 recall=0.6140 n_positives=8875
  SCORE epoch pubmedbert_base seed=45 ep=2
[benchmark] building BioRED test examples...
[benchmark] built 14395 test examples (leaked PMIDs excluded)
[benchmark] evaluating /lus/lfs1aip2/projects/b5ac/project_1/data/10_recipe_sweep_and_training/matrix/checkpoints/pubmedbert_base/seed_45/epochs/epoch_02 on 14395 BioRED test examples
[benchmark] batch 1/450 examples=32/14395
[benchmark] batch 45/450 examples=1440/14395
[benchmark] batch 90/450 examples=2880/14395
[benchmark] batch 135/450 examples=4320/14395
[benchmark] batch 180/450 examples=5760/14395
[benchmark] batch 225/450 examples=7200/14395
[benchmark] batch 270/450 examples=8640/14395
[benchmark] batch 315/450 examples=10080/14395
[benchmark] batch 360/450 examples=11520/14395
[benchmark] batch 405/450 examples=12960/14395
[benchmark] batch 450/450 examples=14395/14395
[benchmark] done f1=0.7284 precision=0.7561 recall=0.7026 n_positives=8875
  SCORE epoch pubmedbert_base seed=45 ep=3
[benchmark] building BioRED test examples...
[benchmark] built 14395 test examples (leaked PMIDs excluded)
[benchmark] evaluating /lus/lfs1aip2/projects/b5ac/project_1/data/10_recipe_sweep_and_training/matrix/checkpoints/pubmedbert_base/seed_45/epochs/epoch_03 on 14395 BioRED test examples
[benchmark] batch 1/450 examples=32/14395
[benchmark] batch 45/450 examples=1440/14395
[benchmark] batch 90/450 examples=2880/14395
[benchmark] batch 135/450 examples=4320/14395
[benchmark] batch 180/450 examples=5760/14395
[benchmark] batch 225/450 examples=7200/14395
[benchmark] batch 270/450 examples=8640/14395
[benchmark] batch 315/450 examples=10080/14395
[benchmark] batch 360/450 examples=11520/14395
[benchmark] batch 405/450 examples=12960/14395
[benchmark] batch 450/450 examples=14395/14395
[benchmark] done f1=0.7571 precision=0.7884 recall=0.7281 n_positives=8875
  SCORE epoch pubmedbert_base seed=45 ep=4
[benchmark] building BioRED test examples...
[benchmark] built 14395 test examples (leaked PMIDs excluded)
[benchmark] evaluating /lus/lfs1aip2/projects/b5ac/project_1/data/10_recipe_sweep_and_training/matrix/checkpoints/pubmedbert_base/seed_45/epochs/epoch_04 on 14395 BioRED test examples
[benchmark] batch 1/450 examples=32/14395
[benchmark] batch 45/450 examples=1440/14395
[benchmark] batch 90/450 examples=2880/14395
[benchmark] batch 135/450 examples=4320/14395
[benchmark] batch 180/450 examples=5760/14395
[benchmark] batch 225/450 examples=7200/14395
[benchmark] batch 270/450 examples=8640/14395
[benchmark] batch 315/450 examples=10080/14395
[benchmark] batch 360/450 examples=11520/14395
[benchmark] batch 405/450 examples=12960/14395
[benchmark] batch 450/450 examples=14395/14395
[benchmark] done f1=0.7593 precision=0.7545 recall=0.7642 n_positives=8875
  SCORE epoch pubmedbert_base seed=45 ep=5
[benchmark] building BioRED test examples...
[benchmark] built 14395 test examples (leaked PMIDs excluded)
[benchmark] evaluating /lus/lfs1aip2/projects/b5ac/project_1/data/10_recipe_sweep_and_training/matrix/checkpoints/pubmedbert_base/seed_45/epochs/epoch_05 on 14395 BioRED test examples
[benchmark] batch 1/450 examples=32/14395
[benchmark] batch 45/450 examples=1440/14395
[benchmark] batch 90/450 examples=2880/14395
[benchmark] batch 135/450 examples=4320/14395
[benchmark] batch 180/450 examples=5760/14395
[benchmark] batch 225/450 examples=7200/14395
[benchmark] batch 270/450 examples=8640/14395
[benchmark] batch 315/450 examples=10080/14395
[benchmark] batch 360/450 examples=11520/14395
[benchmark] batch 405/450 examples=12960/14395
[benchmark] batch 450/450 examples=14395/14395
[benchmark] done f1=0.7286 precision=0.7777 recall=0.6854 n_positives=8875
  SCORE epoch pubmedbert_base seed=45 ep=6
[benchmark] building BioRED test examples...
[benchmark] built 14395 test examples (leaked PMIDs excluded)
[benchmark] evaluating /lus/lfs1aip2/projects/b5ac/project_1/data/10_recipe_sweep_and_training/matrix/checkpoints/pubmedbert_base/seed_45/epochs/epoch_06 on 14395 BioRED test examples
[benchmark] batch 1/450 examples=32/14395
[benchmark] batch 45/450 examples=1440/14395
[benchmark] batch 90/450 examples=2880/14395
[benchmark] batch 135/450 examples=4320/14395
[benchmark] batch 180/450 examples=5760/14395
[benchmark] batch 225/450 examples=7200/14395
[benchmark] batch 270/450 examples=8640/14395
[benchmark] batch 315/450 examples=10080/14395
[benchmark] batch 360/450 examples=11520/14395
[benchmark] batch 405/450 examples=12960/14395
[benchmark] batch 450/450 examples=14395/14395
[benchmark] done f1=0.7731 precision=0.7767 recall=0.7696 n_positives=8875
  SCORE epoch pubmedbert_base seed=45 ep=7
[benchmark] building BioRED test examples...
[benchmark] built 14395 test examples (leaked PMIDs excluded)
[benchmark] evaluating /lus/lfs1aip2/projects/b5ac/project_1/data/10_recipe_sweep_and_training/matrix/checkpoints/pubmedbert_base/seed_45/epochs/epoch_07 on 14395 BioRED test examples
[benchmark] batch 1/450 examples=32/14395
[benchmark] batch 45/450 examples=1440/14395
[benchmark] batch 90/450 examples=2880/14395
[benchmark] batch 135/450 examples=4320/14395
[benchmark] batch 180/450 examples=5760/14395
[benchmark] batch 225/450 examples=7200/14395
[benchmark] batch 270/450 examples=8640/14395
[benchmark] batch 315/450 examples=10080/14395
[benchmark] batch 360/450 examples=11520/14395
[benchmark] batch 405/450 examples=12960/14395
[benchmark] batch 450/450 examples=14395/14395
[benchmark] done f1=0.7195 precision=0.7776 recall=0.6694 n_positives=8875
  SCORE epoch pubmedbert_base seed=45 ep=8
[benchmark] building BioRED test examples...
[benchmark] built 14395 test examples (leaked PMIDs excluded)
[benchmark] evaluating /lus/lfs1aip2/projects/b5ac/project_1/data/10_recipe_sweep_and_training/matrix/checkpoints/pubmedbert_base/seed_45/epochs/epoch_08 on 14395 BioRED test examples
[benchmark] batch 1/450 examples=32/14395
[benchmark] batch 45/450 examples=1440/14395
[benchmark] batch 90/450 examples=2880/14395
[benchmark] batch 135/450 examples=4320/14395
[benchmark] batch 180/450 examples=5760/14395
[benchmark] batch 225/450 examples=7200/14395
[benchmark] batch 270/450 examples=8640/14395
[benchmark] batch 315/450 examples=10080/14395
[benchmark] batch 360/450 examples=11520/14395
[benchmark] batch 405/450 examples=12960/14395
[benchmark] batch 450/450 examples=14395/14395
[benchmark] done f1=0.7547 precision=0.7633 recall=0.7464 n_positives=8875
  SCORE epoch pubmedbert_base seed=45 ep=9
[benchmark] building BioRED test examples...
[benchmark] built 14395 test examples (leaked PMIDs excluded)
[benchmark] evaluating /lus/lfs1aip2/projects/b5ac/project_1/data/10_recipe_sweep_and_training/matrix/checkpoints/pubmedbert_base/seed_45/epochs/epoch_09 on 14395 BioRED test examples
[benchmark] batch 1/450 examples=32/14395
[benchmark] batch 45/450 examples=1440/14395
[benchmark] batch 90/450 examples=2880/14395
[benchmark] batch 135/450 examples=4320/14395
[benchmark] batch 180/450 examples=5760/14395
[benchmark] batch 225/450 examples=7200/14395
[benchmark] batch 270/450 examples=8640/14395
[benchmark] batch 315/450 examples=10080/14395
[benchmark] batch 360/450 examples=11520/14395
[benchmark] batch 405/450 examples=12960/14395
[benchmark] batch 450/450 examples=14395/14395
[benchmark] done f1=0.7019 precision=0.8008 recall=0.6247 n_positives=8875
  SCORE epoch pubmedbert_base seed=46 ep=1
[benchmark] building BioRED test examples...
[benchmark] built 14395 test examples (leaked PMIDs excluded)
[benchmark] evaluating /lus/lfs1aip2/projects/b5ac/project_1/data/10_recipe_sweep_and_training/matrix/checkpoints/pubmedbert_base/seed_46/epochs/epoch_01 on 14395 BioRED test examples
[benchmark] batch 1/450 examples=32/14395
[benchmark] batch 45/450 examples=1440/14395
[benchmark] batch 90/450 examples=2880/14395
[benchmark] batch 135/450 examples=4320/14395
[benchmark] batch 180/450 examples=5760/14395
[benchmark] batch 225/450 examples=7200/14395
[benchmark] batch 270/450 examples=8640/14395
[benchmark] batch 315/450 examples=10080/14395
[benchmark] batch 360/450 examples=11520/14395
[benchmark] batch 405/450 examples=12960/14395
[benchmark] batch 450/450 examples=14395/14395
[benchmark] done f1=0.7757 precision=0.7321 recall=0.8249 n_positives=8875
  SCORE epoch pubmedbert_base seed=46 ep=2
[benchmark] building BioRED test examples...
[benchmark] built 14395 test examples (leaked PMIDs excluded)
[benchmark] evaluating /lus/lfs1aip2/projects/b5ac/project_1/data/10_recipe_sweep_and_training/matrix/checkpoints/pubmedbert_base/seed_46/epochs/epoch_02 on 14395 BioRED test examples
[benchmark] batch 1/450 examples=32/14395
[benchmark] batch 45/450 examples=1440/14395
[benchmark] batch 90/450 examples=2880/14395
[benchmark] batch 135/450 examples=4320/14395
[benchmark] batch 180/450 examples=5760/14395
[benchmark] batch 225/450 examples=7200/14395
[benchmark] batch 270/450 examples=8640/14395
[benchmark] batch 315/450 examples=10080/14395
[benchmark] batch 360/450 examples=11520/14395
[benchmark] batch 405/450 examples=12960/14395
[benchmark] batch 450/450 examples=14395/14395
[benchmark] done f1=0.7549 precision=0.7415 recall=0.7688 n_positives=8875
  SCORE epoch pubmedbert_base seed=46 ep=3
[benchmark] building BioRED test examples...
[benchmark] built 14395 test examples (leaked PMIDs excluded)
[benchmark] evaluating /lus/lfs1aip2/projects/b5ac/project_1/data/10_recipe_sweep_and_training/matrix/checkpoints/pubmedbert_base/seed_46/epochs/epoch_03 on 14395 BioRED test examples
[benchmark] batch 1/450 examples=32/14395
[benchmark] batch 45/450 examples=1440/14395
[benchmark] batch 90/450 examples=2880/14395
[benchmark] batch 135/450 examples=4320/14395
[benchmark] batch 180/450 examples=5760/14395
[benchmark] batch 225/450 examples=7200/14395
[benchmark] batch 270/450 examples=8640/14395
[benchmark] batch 315/450 examples=10080/14395
[benchmark] batch 360/450 examples=11520/14395
[benchmark] batch 405/450 examples=12960/14395
[benchmark] batch 450/450 examples=14395/14395
[benchmark] done f1=0.7619 precision=0.7540 recall=0.7700 n_positives=8875
  SCORE epoch pubmedbert_base seed=46 ep=4
[benchmark] building BioRED test examples...
[benchmark] built 14395 test examples (leaked PMIDs excluded)
[benchmark] evaluating /lus/lfs1aip2/projects/b5ac/project_1/data/10_recipe_sweep_and_training/matrix/checkpoints/pubmedbert_base/seed_46/epochs/epoch_04 on 14395 BioRED test examples
[benchmark] batch 1/450 examples=32/14395
[benchmark] batch 45/450 examples=1440/14395
[benchmark] batch 90/450 examples=2880/14395
[benchmark] batch 135/450 examples=4320/14395
[benchmark] batch 180/450 examples=5760/14395
[benchmark] batch 225/450 examples=7200/14395
[benchmark] batch 270/450 examples=8640/14395
[benchmark] batch 315/450 examples=10080/14395
[benchmark] batch 360/450 examples=11520/14395
[benchmark] batch 405/450 examples=12960/14395
[benchmark] batch 450/450 examples=14395/14395
[benchmark] done f1=0.7305 precision=0.7626 recall=0.7011 n_positives=8875
  SCORE epoch pubmedbert_base seed=46 ep=5
[benchmark] building BioRED test examples...
[benchmark] built 14395 test examples (leaked PMIDs excluded)
[benchmark] evaluating /lus/lfs1aip2/projects/b5ac/project_1/data/10_recipe_sweep_and_training/matrix/checkpoints/pubmedbert_base/seed_46/epochs/epoch_05 on 14395 BioRED test examples
[benchmark] batch 1/450 examples=32/14395
[benchmark] batch 45/450 examples=1440/14395
[benchmark] batch 90/450 examples=2880/14395
[benchmark] batch 135/450 examples=4320/14395
[benchmark] batch 180/450 examples=5760/14395
[benchmark] batch 225/450 examples=7200/14395
[benchmark] batch 270/450 examples=8640/14395
[benchmark] batch 315/450 examples=10080/14395
[benchmark] batch 360/450 examples=11520/14395
[benchmark] batch 405/450 examples=12960/14395
[benchmark] batch 450/450 examples=14395/14395
[benchmark] done f1=0.7681 precision=0.7512 recall=0.7857 n_positives=8875
  SCORE epoch pubmedbert_base seed=46 ep=6
[benchmark] building BioRED test examples...
[benchmark] built 14395 test examples (leaked PMIDs excluded)
[benchmark] evaluating /lus/lfs1aip2/projects/b5ac/project_1/data/10_recipe_sweep_and_training/matrix/checkpoints/pubmedbert_base/seed_46/epochs/epoch_06 on 14395 BioRED test examples
[benchmark] batch 1/450 examples=32/14395
[benchmark] batch 45/450 examples=1440/14395
[benchmark] batch 90/450 examples=2880/14395
[benchmark] batch 135/450 examples=4320/14395
[benchmark] batch 180/450 examples=5760/14395
[benchmark] batch 225/450 examples=7200/14395
[benchmark] batch 270/450 examples=8640/14395
[benchmark] batch 315/450 examples=10080/14395
[benchmark] batch 360/450 examples=11520/14395
[benchmark] batch 405/450 examples=12960/14395
[benchmark] batch 450/450 examples=14395/14395
[benchmark] done f1=0.7000 precision=0.7941 recall=0.6258 n_positives=8875
  SCORE epoch pubmedbert_base seed=47 ep=1
[benchmark] building BioRED test examples...
[benchmark] built 14395 test examples (leaked PMIDs excluded)
[benchmark] evaluating /lus/lfs1aip2/projects/b5ac/project_1/data/10_recipe_sweep_and_training/matrix/checkpoints/pubmedbert_base/seed_47/epochs/epoch_01 on 14395 BioRED test examples
[benchmark] batch 1/450 examples=32/14395
[benchmark] batch 45/450 examples=1440/14395
[benchmark] batch 90/450 examples=2880/14395
[benchmark] batch 135/450 examples=4320/14395
[benchmark] batch 180/450 examples=5760/14395
[benchmark] batch 225/450 examples=7200/14395
[benchmark] batch 270/450 examples=8640/14395
[benchmark] batch 315/450 examples=10080/14395
[benchmark] batch 360/450 examples=11520/14395
[benchmark] batch 405/450 examples=12960/14395
[benchmark] batch 450/450 examples=14395/14395
[benchmark] done f1=0.7178 precision=0.7616 recall=0.6788 n_positives=8875
  SCORE epoch pubmedbert_base seed=47 ep=2
[benchmark] building BioRED test examples...
[benchmark] built 14395 test examples (leaked PMIDs excluded)
[benchmark] evaluating /lus/lfs1aip2/projects/b5ac/project_1/data/10_recipe_sweep_and_training/matrix/checkpoints/pubmedbert_base/seed_47/epochs/epoch_02 on 14395 BioRED test examples
[benchmark] batch 1/450 examples=32/14395
[benchmark] batch 45/450 examples=1440/14395
[benchmark] batch 90/450 examples=2880/14395
[benchmark] batch 135/450 examples=4320/14395
[benchmark] batch 180/450 examples=5760/14395
[benchmark] batch 225/450 examples=7200/14395
[benchmark] batch 270/450 examples=8640/14395
[benchmark] batch 315/450 examples=10080/14395
[benchmark] batch 360/450 examples=11520/14395
[benchmark] batch 405/450 examples=12960/14395
[benchmark] batch 450/450 examples=14395/14395
[benchmark] done f1=0.6783 precision=0.8265 recall=0.5752 n_positives=8875
  SCORE epoch pubmedbert_base seed=47 ep=3
[benchmark] building BioRED test examples...
[benchmark] built 14395 test examples (leaked PMIDs excluded)
[benchmark] evaluating /lus/lfs1aip2/projects/b5ac/project_1/data/10_recipe_sweep_and_training/matrix/checkpoints/pubmedbert_base/seed_47/epochs/epoch_03 on 14395 BioRED test examples
[benchmark] batch 1/450 examples=32/14395
[benchmark] batch 45/450 examples=1440/14395
[benchmark] batch 90/450 examples=2880/14395
[benchmark] batch 135/450 examples=4320/14395
[benchmark] batch 180/450 examples=5760/14395
[benchmark] batch 225/450 examples=7200/14395
[benchmark] batch 270/450 examples=8640/14395
[benchmark] batch 315/450 examples=10080/14395
[benchmark] batch 360/450 examples=11520/14395
[benchmark] batch 405/450 examples=12960/14395
[benchmark] batch 450/450 examples=14395/14395
[benchmark] done f1=0.7284 precision=0.7725 recall=0.6890 n_positives=8875
  SCORE epoch pubmedbert_base seed=47 ep=4
[benchmark] building BioRED test examples...
[benchmark] built 14395 test examples (leaked PMIDs excluded)
[benchmark] evaluating /lus/lfs1aip2/projects/b5ac/project_1/data/10_recipe_sweep_and_training/matrix/checkpoints/pubmedbert_base/seed_47/epochs/epoch_04 on 14395 BioRED test examples
[benchmark] batch 1/450 examples=32/14395
[benchmark] batch 45/450 examples=1440/14395
[benchmark] batch 90/450 examples=2880/14395
[benchmark] batch 135/450 examples=4320/14395
[benchmark] batch 180/450 examples=5760/14395
[benchmark] batch 225/450 examples=7200/14395
[benchmark] batch 270/450 examples=8640/14395
[benchmark] batch 315/450 examples=10080/14395
[benchmark] batch 360/450 examples=11520/14395
[benchmark] batch 405/450 examples=12960/14395
[benchmark] batch 450/450 examples=14395/14395
[benchmark] done f1=0.7542 precision=0.7705 recall=0.7386 n_positives=8875
  SCORE epoch pubmedbert_base seed=47 ep=5
[benchmark] building BioRED test examples...
[benchmark] built 14395 test examples (leaked PMIDs excluded)
[benchmark] evaluating /lus/lfs1aip2/projects/b5ac/project_1/data/10_recipe_sweep_and_training/matrix/checkpoints/pubmedbert_base/seed_47/epochs/epoch_05 on 14395 BioRED test examples
[benchmark] batch 1/450 examples=32/14395
[benchmark] batch 45/450 examples=1440/14395
[benchmark] batch 90/450 examples=2880/14395
[benchmark] batch 135/450 examples=4320/14395
[benchmark] batch 180/450 examples=5760/14395
[benchmark] batch 225/450 examples=7200/14395
[benchmark] batch 270/450 examples=8640/14395
[benchmark] batch 315/450 examples=10080/14395
[benchmark] batch 360/450 examples=11520/14395
[benchmark] batch 405/450 examples=12960/14395
[benchmark] batch 450/450 examples=14395/14395
[benchmark] done f1=0.7489 precision=0.7570 recall=0.7410 n_positives=8875
  SCORE epoch pubmedbert_base seed=47 ep=6
[benchmark] building BioRED test examples...
[benchmark] built 14395 test examples (leaked PMIDs excluded)
[benchmark] evaluating /lus/lfs1aip2/projects/b5ac/project_1/data/10_recipe_sweep_and_training/matrix/checkpoints/pubmedbert_base/seed_47/epochs/epoch_06 on 14395 BioRED test examples
[benchmark] batch 1/450 examples=32/14395
[benchmark] batch 45/450 examples=1440/14395
[benchmark] batch 90/450 examples=2880/14395
[benchmark] batch 135/450 examples=4320/14395
[benchmark] batch 180/450 examples=5760/14395
[benchmark] batch 225/450 examples=7200/14395
[benchmark] batch 270/450 examples=8640/14395
[benchmark] batch 315/450 examples=10080/14395
[benchmark] batch 360/450 examples=11520/14395
[benchmark] batch 405/450 examples=12960/14395
[benchmark] batch 450/450 examples=14395/14395
[benchmark] done f1=0.7442 precision=0.7756 recall=0.7152 n_positives=8875
  SCORE epoch pubmedbert_base seed=47 ep=7
[benchmark] building BioRED test examples...
[benchmark] built 14395 test examples (leaked PMIDs excluded)
[benchmark] evaluating /lus/lfs1aip2/projects/b5ac/project_1/data/10_recipe_sweep_and_training/matrix/checkpoints/pubmedbert_base/seed_47/epochs/epoch_07 on 14395 BioRED test examples
[benchmark] batch 1/450 examples=32/14395
[benchmark] batch 45/450 examples=1440/14395
[benchmark] batch 90/450 examples=2880/14395
[benchmark] batch 135/450 examples=4320/14395
[benchmark] batch 180/450 examples=5760/14395
[benchmark] batch 225/450 examples=7200/14395
[benchmark] batch 270/450 examples=8640/14395
[benchmark] batch 315/450 examples=10080/14395
[benchmark] batch 360/450 examples=11520/14395
[benchmark] batch 405/450 examples=12960/14395
[benchmark] batch 450/450 examples=14395/14395
[benchmark] done f1=0.7344 precision=0.7930 recall=0.6838 n_positives=8875
  SCORE epoch pubmedbert_base seed=47 ep=8
[benchmark] building BioRED test examples...
[benchmark] built 14395 test examples (leaked PMIDs excluded)
[benchmark] evaluating /lus/lfs1aip2/projects/b5ac/project_1/data/10_recipe_sweep_and_training/matrix/checkpoints/pubmedbert_base/seed_47/epochs/epoch_08 on 14395 BioRED test examples
[benchmark] batch 1/450 examples=32/14395
[benchmark] batch 45/450 examples=1440/14395
[benchmark] batch 90/450 examples=2880/14395
[benchmark] batch 135/450 examples=4320/14395
[benchmark] batch 180/450 examples=5760/14395
[benchmark] batch 225/450 examples=7200/14395
[benchmark] batch 270/450 examples=8640/14395
[benchmark] batch 315/450 examples=10080/14395
[benchmark] batch 360/450 examples=11520/14395
[benchmark] batch 405/450 examples=12960/14395
[benchmark] batch 450/450 examples=14395/14395
[benchmark] done f1=0.7492 precision=0.8041 recall=0.7013 n_positives=8875
  SCORE epoch pubmedbert_base seed=48 ep=1
[benchmark] building BioRED test examples...
[benchmark] built 14395 test examples (leaked PMIDs excluded)
[benchmark] evaluating /lus/lfs1aip2/projects/b5ac/project_1/data/10_recipe_sweep_and_training/matrix/checkpoints/pubmedbert_base/seed_48/epochs/epoch_01 on 14395 BioRED test examples
[benchmark] batch 1/450 examples=32/14395
[benchmark] batch 45/450 examples=1440/14395
[benchmark] batch 90/450 examples=2880/14395
[benchmark] batch 135/450 examples=4320/14395
[benchmark] batch 180/450 examples=5760/14395
[benchmark] batch 225/450 examples=7200/14395
[benchmark] batch 270/450 examples=8640/14395
[benchmark] batch 315/450 examples=10080/14395
[benchmark] batch 360/450 examples=11520/14395
[benchmark] batch 405/450 examples=12960/14395
[benchmark] batch 450/450 examples=14395/14395
[benchmark] done f1=0.6810 precision=0.7959 recall=0.5950 n_positives=8875
  SCORE epoch pubmedbert_base seed=48 ep=2
[benchmark] building BioRED test examples...
[benchmark] built 14395 test examples (leaked PMIDs excluded)
[benchmark] evaluating /lus/lfs1aip2/projects/b5ac/project_1/data/10_recipe_sweep_and_training/matrix/checkpoints/pubmedbert_base/seed_48/epochs/epoch_02 on 14395 BioRED test examples
[benchmark] batch 1/450 examples=32/14395
[benchmark] batch 45/450 examples=1440/14395
[benchmark] batch 90/450 examples=2880/14395
[benchmark] batch 135/450 examples=4320/14395
[benchmark] batch 180/450 examples=5760/14395
[benchmark] batch 225/450 examples=7200/14395
[benchmark] batch 270/450 examples=8640/14395
[benchmark] batch 315/450 examples=10080/14395
[benchmark] batch 360/450 examples=11520/14395
[benchmark] batch 405/450 examples=12960/14395
[benchmark] batch 450/450 examples=14395/14395
[benchmark] done f1=0.7155 precision=0.7861 recall=0.6566 n_positives=8875
  SCORE epoch pubmedbert_base seed=48 ep=3
[benchmark] building BioRED test examples...
[benchmark] built 14395 test examples (leaked PMIDs excluded)
[benchmark] evaluating /lus/lfs1aip2/projects/b5ac/project_1/data/10_recipe_sweep_and_training/matrix/checkpoints/pubmedbert_base/seed_48/epochs/epoch_03 on 14395 BioRED test examples
[benchmark] batch 1/450 examples=32/14395
[benchmark] batch 45/450 examples=1440/14395
[benchmark] batch 90/450 examples=2880/14395
[benchmark] batch 135/450 examples=4320/14395
[benchmark] batch 180/450 examples=5760/14395
[benchmark] batch 225/450 examples=7200/14395
[benchmark] batch 270/450 examples=8640/14395
[benchmark] batch 315/450 examples=10080/14395
[benchmark] batch 360/450 examples=11520/14395
[benchmark] batch 405/450 examples=12960/14395
[benchmark] batch 450/450 examples=14395/14395
[benchmark] done f1=0.7380 precision=0.7905 recall=0.6921 n_positives=8875
  SCORE epoch pubmedbert_base seed=48 ep=4
[benchmark] building BioRED test examples...
[benchmark] built 14395 test examples (leaked PMIDs excluded)
[benchmark] evaluating /lus/lfs1aip2/projects/b5ac/project_1/data/10_recipe_sweep_and_training/matrix/checkpoints/pubmedbert_base/seed_48/epochs/epoch_04 on 14395 BioRED test examples
[benchmark] batch 1/450 examples=32/14395
[benchmark] batch 45/450 examples=1440/14395
[benchmark] batch 90/450 examples=2880/14395
[benchmark] batch 135/450 examples=4320/14395
[benchmark] batch 180/450 examples=5760/14395
[benchmark] batch 225/450 examples=7200/14395
[benchmark] batch 270/450 examples=8640/14395
[benchmark] batch 315/450 examples=10080/14395
[benchmark] batch 360/450 examples=11520/14395
[benchmark] batch 405/450 examples=12960/14395
[benchmark] batch 450/450 examples=14395/14395
[benchmark] done f1=0.7444 precision=0.7671 recall=0.7230 n_positives=8875
  SCORE epoch pubmedbert_base seed=48 ep=5
[benchmark] building BioRED test examples...
[benchmark] built 14395 test examples (leaked PMIDs excluded)
[benchmark] evaluating /lus/lfs1aip2/projects/b5ac/project_1/data/10_recipe_sweep_and_training/matrix/checkpoints/pubmedbert_base/seed_48/epochs/epoch_05 on 14395 BioRED test examples
[benchmark] batch 1/450 examples=32/14395
[benchmark] batch 45/450 examples=1440/14395
[benchmark] batch 90/450 examples=2880/14395
[benchmark] batch 135/450 examples=4320/14395
[benchmark] batch 180/450 examples=5760/14395
[benchmark] batch 225/450 examples=7200/14395
[benchmark] batch 270/450 examples=8640/14395
[benchmark] batch 315/450 examples=10080/14395
[benchmark] batch 360/450 examples=11520/14395
[benchmark] batch 405/450 examples=12960/14395
[benchmark] batch 450/450 examples=14395/14395
[benchmark] done f1=0.7567 precision=0.7638 recall=0.7497 n_positives=8875
  SCORE epoch pubmedbert_base seed=48 ep=6
[benchmark] building BioRED test examples...
[benchmark] built 14395 test examples (leaked PMIDs excluded)
[benchmark] evaluating /lus/lfs1aip2/projects/b5ac/project_1/data/10_recipe_sweep_and_training/matrix/checkpoints/pubmedbert_base/seed_48/epochs/epoch_06 on 14395 BioRED test examples
[benchmark] batch 1/450 examples=32/14395
[benchmark] batch 45/450 examples=1440/14395
[benchmark] batch 90/450 examples=2880/14395
[benchmark] batch 135/450 examples=4320/14395
[benchmark] batch 180/450 examples=5760/14395
[benchmark] batch 225/450 examples=7200/14395
[benchmark] batch 270/450 examples=8640/14395
[benchmark] batch 315/450 examples=10080/14395
[benchmark] batch 360/450 examples=11520/14395
[benchmark] batch 405/450 examples=12960/14395
[benchmark] batch 450/450 examples=14395/14395
[benchmark] done f1=0.7345 precision=0.7926 recall=0.6843 n_positives=8875
  SCORE epoch pubmedbert_base seed=48 ep=7
[benchmark] building BioRED test examples...
[benchmark] built 14395 test examples (leaked PMIDs excluded)
[benchmark] evaluating /lus/lfs1aip2/projects/b5ac/project_1/data/10_recipe_sweep_and_training/matrix/checkpoints/pubmedbert_base/seed_48/epochs/epoch_07 on 14395 BioRED test examples
[benchmark] batch 1/450 examples=32/14395
[benchmark] batch 45/450 examples=1440/14395
[benchmark] batch 90/450 examples=2880/14395
[benchmark] batch 135/450 examples=4320/14395
[benchmark] batch 180/450 examples=5760/14395
[benchmark] batch 225/450 examples=7200/14395
[benchmark] batch 270/450 examples=8640/14395
[benchmark] batch 315/450 examples=10080/14395
[benchmark] batch 360/450 examples=11520/14395
[benchmark] batch 405/450 examples=12960/14395
[benchmark] batch 450/450 examples=14395/14395
[benchmark] done f1=0.7508 precision=0.7899 recall=0.7154 n_positives=8875
  SCORE epoch pubmedbert_base seed=48 ep=8
[benchmark] building BioRED test examples...
[benchmark] built 14395 test examples (leaked PMIDs excluded)
[benchmark] evaluating /lus/lfs1aip2/projects/b5ac/project_1/data/10_recipe_sweep_and_training/matrix/checkpoints/pubmedbert_base/seed_48/epochs/epoch_08 on 14395 BioRED test examples
[benchmark] batch 1/450 examples=32/14395
[benchmark] batch 45/450 examples=1440/14395
[benchmark] batch 90/450 examples=2880/14395
[benchmark] batch 135/450 examples=4320/14395
[benchmark] batch 180/450 examples=5760/14395
[benchmark] batch 225/450 examples=7200/14395
[benchmark] batch 270/450 examples=8640/14395
[benchmark] batch 315/450 examples=10080/14395
[benchmark] batch 360/450 examples=11520/14395
[benchmark] batch 405/450 examples=12960/14395
[benchmark] batch 450/450 examples=14395/14395
[benchmark] done f1=0.7567 precision=0.8018 recall=0.7164 n_positives=8875
  SCORE epoch pubmedbert_base seed=49 ep=1
[benchmark] building BioRED test examples...
[benchmark] built 14395 test examples (leaked PMIDs excluded)
[benchmark] evaluating /lus/lfs1aip2/projects/b5ac/project_1/data/10_recipe_sweep_and_training/matrix/checkpoints/pubmedbert_base/seed_49/epochs/epoch_01 on 14395 BioRED test examples
[benchmark] batch 1/450 examples=32/14395
[benchmark] batch 45/450 examples=1440/14395
[benchmark] batch 90/450 examples=2880/14395
[benchmark] batch 135/450 examples=4320/14395
[benchmark] batch 180/450 examples=5760/14395
[benchmark] batch 225/450 examples=7200/14395
[benchmark] batch 270/450 examples=8640/14395
[benchmark] batch 315/450 examples=10080/14395
[benchmark] batch 360/450 examples=11520/14395
[benchmark] batch 405/450 examples=12960/14395
[benchmark] batch 450/450 examples=14395/14395
[benchmark] done f1=0.7143 precision=0.7864 recall=0.6543 n_positives=8875
  SCORE epoch pubmedbert_base seed=49 ep=2
[benchmark] building BioRED test examples...
[benchmark] built 14395 test examples (leaked PMIDs excluded)
[benchmark] evaluating /lus/lfs1aip2/projects/b5ac/project_1/data/10_recipe_sweep_and_training/matrix/checkpoints/pubmedbert_base/seed_49/epochs/epoch_02 on 14395 BioRED test examples
[benchmark] batch 1/450 examples=32/14395
[benchmark] batch 45/450 examples=1440/14395
[benchmark] batch 90/450 examples=2880/14395
[benchmark] batch 135/450 examples=4320/14395
[benchmark] batch 180/450 examples=5760/14395
[benchmark] batch 225/450 examples=7200/14395
[benchmark] batch 270/450 examples=8640/14395
[benchmark] batch 315/450 examples=10080/14395
[benchmark] batch 360/450 examples=11520/14395
[benchmark] batch 405/450 examples=12960/14395
[benchmark] batch 450/450 examples=14395/14395
[benchmark] done f1=0.7270 precision=0.7837 recall=0.6780 n_positives=8875
  SCORE epoch pubmedbert_base seed=49 ep=3
[benchmark] building BioRED test examples...
[benchmark] built 14395 test examples (leaked PMIDs excluded)
[benchmark] evaluating /lus/lfs1aip2/projects/b5ac/project_1/data/10_recipe_sweep_and_training/matrix/checkpoints/pubmedbert_base/seed_49/epochs/epoch_03 on 14395 BioRED test examples
[benchmark] batch 1/450 examples=32/14395
[benchmark] batch 45/450 examples=1440/14395
[benchmark] batch 90/450 examples=2880/14395
[benchmark] batch 135/450 examples=4320/14395
[benchmark] batch 180/450 examples=5760/14395
[benchmark] batch 225/450 examples=7200/14395
[benchmark] batch 270/450 examples=8640/14395
[benchmark] batch 315/450 examples=10080/14395
[benchmark] batch 360/450 examples=11520/14395
[benchmark] batch 405/450 examples=12960/14395
[benchmark] batch 450/450 examples=14395/14395
[benchmark] done f1=0.7365 precision=0.7664 recall=0.7088 n_positives=8875
  SCORE epoch pubmedbert_base seed=49 ep=4
[benchmark] building BioRED test examples...
[benchmark] built 14395 test examples (leaked PMIDs excluded)
[benchmark] evaluating /lus/lfs1aip2/projects/b5ac/project_1/data/10_recipe_sweep_and_training/matrix/checkpoints/pubmedbert_base/seed_49/epochs/epoch_04 on 14395 BioRED test examples
[benchmark] batch 1/450 examples=32/14395
[benchmark] batch 45/450 examples=1440/14395
[benchmark] batch 90/450 examples=2880/14395
[benchmark] batch 135/450 examples=4320/14395
[benchmark] batch 180/450 examples=5760/14395
[benchmark] batch 225/450 examples=7200/14395
[benchmark] batch 270/450 examples=8640/14395
[benchmark] batch 315/450 examples=10080/14395
[benchmark] batch 360/450 examples=11520/14395
[benchmark] batch 405/450 examples=12960/14395
[benchmark] batch 450/450 examples=14395/14395
[benchmark] done f1=0.7468 precision=0.7790 recall=0.7172 n_positives=8875
  SCORE epoch pubmedbert_base seed=49 ep=5
[benchmark] building BioRED test examples...
[benchmark] built 14395 test examples (leaked PMIDs excluded)
[benchmark] evaluating /lus/lfs1aip2/projects/b5ac/project_1/data/10_recipe_sweep_and_training/matrix/checkpoints/pubmedbert_base/seed_49/epochs/epoch_05 on 14395 BioRED test examples
[benchmark] batch 1/450 examples=32/14395
[benchmark] batch 45/450 examples=1440/14395
[benchmark] batch 90/450 examples=2880/14395
[benchmark] batch 135/450 examples=4320/14395
[benchmark] batch 180/450 examples=5760/14395
[benchmark] batch 225/450 examples=7200/14395
[benchmark] batch 270/450 examples=8640/14395
[benchmark] batch 315/450 examples=10080/14395
[benchmark] batch 360/450 examples=11520/14395
[benchmark] batch 405/450 examples=12960/14395
[benchmark] batch 450/450 examples=14395/14395
[benchmark] done f1=0.7944 precision=0.7589 recall=0.8334 n_positives=8875
  SCORE epoch pubmedbert_base seed=49 ep=6
[benchmark] building BioRED test examples...
[benchmark] built 14395 test examples (leaked PMIDs excluded)
[benchmark] evaluating /lus/lfs1aip2/projects/b5ac/project_1/data/10_recipe_sweep_and_training/matrix/checkpoints/pubmedbert_base/seed_49/epochs/epoch_06 on 14395 BioRED test examples
[benchmark] batch 1/450 examples=32/14395
[benchmark] batch 45/450 examples=1440/14395
[benchmark] batch 90/450 examples=2880/14395
[benchmark] batch 135/450 examples=4320/14395
[benchmark] batch 180/450 examples=5760/14395
[benchmark] batch 225/450 examples=7200/14395
[benchmark] batch 270/450 examples=8640/14395
[benchmark] batch 315/450 examples=10080/14395
[benchmark] batch 360/450 examples=11520/14395
[benchmark] batch 405/450 examples=12960/14395
[benchmark] batch 450/450 examples=14395/14395
[benchmark] done f1=0.7532 precision=0.7778 recall=0.7300 n_positives=8875
  SCORE epoch pubmedbert_base seed=49 ep=7
[benchmark] building BioRED test examples...
[benchmark] built 14395 test examples (leaked PMIDs excluded)
[benchmark] evaluating /lus/lfs1aip2/projects/b5ac/project_1/data/10_recipe_sweep_and_training/matrix/checkpoints/pubmedbert_base/seed_49/epochs/epoch_07 on 14395 BioRED test examples
[benchmark] batch 1/450 examples=32/14395
[benchmark] batch 45/450 examples=1440/14395
[benchmark] batch 90/450 examples=2880/14395
[benchmark] batch 135/450 examples=4320/14395
[benchmark] batch 180/450 examples=5760/14395
[benchmark] batch 225/450 examples=7200/14395
[benchmark] batch 270/450 examples=8640/14395
[benchmark] batch 315/450 examples=10080/14395
[benchmark] batch 360/450 examples=11520/14395
[benchmark] batch 405/450 examples=12960/14395
[benchmark] batch 450/450 examples=14395/14395
[benchmark] done f1=0.7547 precision=0.7910 recall=0.7216 n_positives=8875
  SCORE epoch pubmedbert_base seed=49 ep=8
[benchmark] building BioRED test examples...
[benchmark] built 14395 test examples (leaked PMIDs excluded)
[benchmark] evaluating /lus/lfs1aip2/projects/b5ac/project_1/data/10_recipe_sweep_and_training/matrix/checkpoints/pubmedbert_base/seed_49/epochs/epoch_08 on 14395 BioRED test examples
[benchmark] batch 1/450 examples=32/14395
[benchmark] batch 45/450 examples=1440/14395
[benchmark] batch 90/450 examples=2880/14395
[benchmark] batch 135/450 examples=4320/14395
[benchmark] batch 180/450 examples=5760/14395
[benchmark] batch 225/450 examples=7200/14395
[benchmark] batch 270/450 examples=8640/14395
[benchmark] batch 315/450 examples=10080/14395
[benchmark] batch 360/450 examples=11520/14395
[benchmark] batch 405/450 examples=12960/14395
[benchmark] batch 450/450 examples=14395/14395
[benchmark] done f1=0.7772 precision=0.7803 recall=0.7741 n_positives=8875
  SCORE epoch roberta_base seed=42 ep=1
[benchmark] building BioRED test examples...
[benchmark] built 14395 test examples (leaked PMIDs excluded)
[benchmark] evaluating /lus/lfs1aip2/projects/b5ac/project_1/data/10_recipe_sweep_and_training/matrix/checkpoints/roberta_base/seed_42/epochs/epoch_01 on 14395 BioRED test examples
[benchmark] batch 1/450 examples=32/14395
[benchmark] batch 45/450 examples=1440/14395
[benchmark] batch 90/450 examples=2880/14395
[benchmark] batch 135/450 examples=4320/14395
[benchmark] batch 180/450 examples=5760/14395
[benchmark] batch 225/450 examples=7200/14395
[benchmark] batch 270/450 examples=8640/14395
[benchmark] batch 315/450 examples=10080/14395
[benchmark] batch 360/450 examples=11520/14395
[benchmark] batch 405/450 examples=12960/14395
[benchmark] batch 450/450 examples=14395/14395
[benchmark] done f1=0.7109 precision=0.7539 recall=0.6726 n_positives=8875
  SCORE epoch roberta_base seed=42 ep=2
[benchmark] building BioRED test examples...
[benchmark] built 14395 test examples (leaked PMIDs excluded)
[benchmark] evaluating /lus/lfs1aip2/projects/b5ac/project_1/data/10_recipe_sweep_and_training/matrix/checkpoints/roberta_base/seed_42/epochs/epoch_02 on 14395 BioRED test examples
[benchmark] batch 1/450 examples=32/14395
[benchmark] batch 45/450 examples=1440/14395
[benchmark] batch 90/450 examples=2880/14395
[benchmark] batch 135/450 examples=4320/14395
[benchmark] batch 180/450 examples=5760/14395
[benchmark] batch 225/450 examples=7200/14395
[benchmark] batch 270/450 examples=8640/14395
[benchmark] batch 315/450 examples=10080/14395
[benchmark] batch 360/450 examples=11520/14395
[benchmark] batch 405/450 examples=12960/14395
[benchmark] batch 450/450 examples=14395/14395
[benchmark] done f1=0.7150 precision=0.7288 recall=0.7016 n_positives=8875
  SCORE epoch roberta_base seed=42 ep=3
[benchmark] building BioRED test examples...
[benchmark] built 14395 test examples (leaked PMIDs excluded)
[benchmark] evaluating /lus/lfs1aip2/projects/b5ac/project_1/data/10_recipe_sweep_and_training/matrix/checkpoints/roberta_base/seed_42/epochs/epoch_03 on 14395 BioRED test examples
[benchmark] batch 1/450 examples=32/14395
[benchmark] batch 45/450 examples=1440/14395
[benchmark] batch 90/450 examples=2880/14395
[benchmark] batch 135/450 examples=4320/14395
[benchmark] batch 180/450 examples=5760/14395
[benchmark] batch 225/450 examples=7200/14395
[benchmark] batch 270/450 examples=8640/14395
[benchmark] batch 315/450 examples=10080/14395
[benchmark] batch 360/450 examples=11520/14395
[benchmark] batch 405/450 examples=12960/14395
[benchmark] batch 450/450 examples=14395/14395
[benchmark] done f1=0.7025 precision=0.7487 recall=0.6616 n_positives=8875
  SCORE epoch roberta_base seed=42 ep=4
[benchmark] building BioRED test examples...
[benchmark] built 14395 test examples (leaked PMIDs excluded)
[benchmark] evaluating /lus/lfs1aip2/projects/b5ac/project_1/data/10_recipe_sweep_and_training/matrix/checkpoints/roberta_base/seed_42/epochs/epoch_04 on 14395 BioRED test examples
[benchmark] batch 1/450 examples=32/14395
[benchmark] batch 45/450 examples=1440/14395
[benchmark] batch 90/450 examples=2880/14395
[benchmark] batch 135/450 examples=4320/14395
[benchmark] batch 180/450 examples=5760/14395
[benchmark] batch 225/450 examples=7200/14395
[benchmark] batch 270/450 examples=8640/14395
[benchmark] batch 315/450 examples=10080/14395
[benchmark] batch 360/450 examples=11520/14395
[benchmark] batch 405/450 examples=12960/14395
[benchmark] batch 450/450 examples=14395/14395
[benchmark] done f1=0.6894 precision=0.7346 recall=0.6494 n_positives=8875
  SCORE epoch roberta_base seed=42 ep=5
[benchmark] building BioRED test examples...
[benchmark] built 14395 test examples (leaked PMIDs excluded)
[benchmark] evaluating /lus/lfs1aip2/projects/b5ac/project_1/data/10_recipe_sweep_and_training/matrix/checkpoints/roberta_base/seed_42/epochs/epoch_05 on 14395 BioRED test examples
[benchmark] batch 1/450 examples=32/14395
[benchmark] batch 45/450 examples=1440/14395
[benchmark] batch 90/450 examples=2880/14395
[benchmark] batch 135/450 examples=4320/14395
[benchmark] batch 180/450 examples=5760/14395
[benchmark] batch 225/450 examples=7200/14395
[benchmark] batch 270/450 examples=8640/14395
[benchmark] batch 315/450 examples=10080/14395
[benchmark] batch 360/450 examples=11520/14395
[benchmark] batch 405/450 examples=12960/14395
[benchmark] batch 450/450 examples=14395/14395
[benchmark] done f1=0.7103 precision=0.7510 recall=0.6738 n_positives=8875
  SCORE epoch roberta_base seed=42 ep=6
[benchmark] building BioRED test examples...
[benchmark] built 14395 test examples (leaked PMIDs excluded)
[benchmark] evaluating /lus/lfs1aip2/projects/b5ac/project_1/data/10_recipe_sweep_and_training/matrix/checkpoints/roberta_base/seed_42/epochs/epoch_06 on 14395 BioRED test examples
[benchmark] batch 1/450 examples=32/14395
[benchmark] batch 45/450 examples=1440/14395
[benchmark] batch 90/450 examples=2880/14395
[benchmark] batch 135/450 examples=4320/14395
[benchmark] batch 180/450 examples=5760/14395
[benchmark] batch 225/450 examples=7200/14395
[benchmark] batch 270/450 examples=8640/14395
[benchmark] batch 315/450 examples=10080/14395
[benchmark] batch 360/450 examples=11520/14395
[benchmark] batch 405/450 examples=12960/14395
[benchmark] batch 450/450 examples=14395/14395
[benchmark] done f1=0.7042 precision=0.7387 recall=0.6728 n_positives=8875
  SCORE epoch roberta_base seed=42 ep=7
[benchmark] building BioRED test examples...
[benchmark] built 14395 test examples (leaked PMIDs excluded)
[benchmark] evaluating /lus/lfs1aip2/projects/b5ac/project_1/data/10_recipe_sweep_and_training/matrix/checkpoints/roberta_base/seed_42/epochs/epoch_07 on 14395 BioRED test examples
[benchmark] batch 1/450 examples=32/14395
[benchmark] batch 45/450 examples=1440/14395
[benchmark] batch 90/450 examples=2880/14395
[benchmark] batch 135/450 examples=4320/14395
[benchmark] batch 180/450 examples=5760/14395
[benchmark] batch 225/450 examples=7200/14395
[benchmark] batch 270/450 examples=8640/14395
[benchmark] batch 315/450 examples=10080/14395
[benchmark] batch 360/450 examples=11520/14395
[benchmark] batch 405/450 examples=12960/14395
[benchmark] batch 450/450 examples=14395/14395
[benchmark] done f1=0.7584 precision=0.7381 recall=0.7797 n_positives=8875
  SCORE epoch roberta_base seed=42 ep=8
[benchmark] building BioRED test examples...
[benchmark] built 14395 test examples (leaked PMIDs excluded)
[benchmark] evaluating /lus/lfs1aip2/projects/b5ac/project_1/data/10_recipe_sweep_and_training/matrix/checkpoints/roberta_base/seed_42/epochs/epoch_08 on 14395 BioRED test examples
[benchmark] batch 1/450 examples=32/14395
[benchmark] batch 45/450 examples=1440/14395
[benchmark] batch 90/450 examples=2880/14395
[benchmark] batch 135/450 examples=4320/14395
[benchmark] batch 180/450 examples=5760/14395
[benchmark] batch 225/450 examples=7200/14395
[benchmark] batch 270/450 examples=8640/14395
[benchmark] batch 315/450 examples=10080/14395
[benchmark] batch 360/450 examples=11520/14395
[benchmark] batch 405/450 examples=12960/14395
[benchmark] batch 450/450 examples=14395/14395
[benchmark] done f1=0.7368 precision=0.7381 recall=0.7354 n_positives=8875
  SCORE epoch roberta_base seed=42 ep=9
[benchmark] building BioRED test examples...
[benchmark] built 14395 test examples (leaked PMIDs excluded)
[benchmark] evaluating /lus/lfs1aip2/projects/b5ac/project_1/data/10_recipe_sweep_and_training/matrix/checkpoints/roberta_base/seed_42/epochs/epoch_09 on 14395 BioRED test examples
[benchmark] batch 1/450 examples=32/14395
[benchmark] batch 45/450 examples=1440/14395
[benchmark] batch 90/450 examples=2880/14395
[benchmark] batch 135/450 examples=4320/14395
[benchmark] batch 180/450 examples=5760/14395
[benchmark] batch 225/450 examples=7200/14395
[benchmark] batch 270/450 examples=8640/14395
[benchmark] batch 315/450 examples=10080/14395
[benchmark] batch 360/450 examples=11520/14395
[benchmark] batch 405/450 examples=12960/14395
[benchmark] batch 450/450 examples=14395/14395
[benchmark] done f1=0.6986 precision=0.7524 recall=0.6519 n_positives=8875
  SCORE epoch roberta_base seed=42 ep=10
[benchmark] building BioRED test examples...
[benchmark] built 14395 test examples (leaked PMIDs excluded)
[benchmark] evaluating /lus/lfs1aip2/projects/b5ac/project_1/data/10_recipe_sweep_and_training/matrix/checkpoints/roberta_base/seed_42/epochs/epoch_10 on 14395 BioRED test examples
[benchmark] batch 1/450 examples=32/14395
[benchmark] batch 45/450 examples=1440/14395
[benchmark] batch 90/450 examples=2880/14395
[benchmark] batch 135/450 examples=4320/14395
[benchmark] batch 180/450 examples=5760/14395
[benchmark] batch 225/450 examples=7200/14395
[benchmark] batch 270/450 examples=8640/14395
[benchmark] batch 315/450 examples=10080/14395
[benchmark] batch 360/450 examples=11520/14395
[benchmark] batch 405/450 examples=12960/14395
[benchmark] batch 450/450 examples=14395/14395
[benchmark] done f1=0.7207 precision=0.7118 recall=0.7298 n_positives=8875
  SCORE epoch roberta_base seed=43 ep=1
[benchmark] building BioRED test examples...
[benchmark] built 14395 test examples (leaked PMIDs excluded)
[benchmark] evaluating /lus/lfs1aip2/projects/b5ac/project_1/data/10_recipe_sweep_and_training/matrix/checkpoints/roberta_base/seed_43/epochs/epoch_01 on 14395 BioRED test examples
[benchmark] batch 1/450 examples=32/14395
[benchmark] batch 45/450 examples=1440/14395
[benchmark] batch 90/450 examples=2880/14395
[benchmark] batch 135/450 examples=4320/14395
[benchmark] batch 180/450 examples=5760/14395
[benchmark] batch 225/450 examples=7200/14395
[benchmark] batch 270/450 examples=8640/14395
[benchmark] batch 315/450 examples=10080/14395
[benchmark] batch 360/450 examples=11520/14395
[benchmark] batch 405/450 examples=12960/14395
[benchmark] batch 450/450 examples=14395/14395
[benchmark] done f1=0.7503 precision=0.7491 recall=0.7515 n_positives=8875
  SCORE epoch roberta_base seed=43 ep=2
[benchmark] building BioRED test examples...
[benchmark] built 14395 test examples (leaked PMIDs excluded)
[benchmark] evaluating /lus/lfs1aip2/projects/b5ac/project_1/data/10_recipe_sweep_and_training/matrix/checkpoints/roberta_base/seed_43/epochs/epoch_02 on 14395 BioRED test examples
[benchmark] batch 1/450 examples=32/14395
[benchmark] batch 45/450 examples=1440/14395
[benchmark] batch 90/450 examples=2880/14395
[benchmark] batch 135/450 examples=4320/14395
[benchmark] batch 180/450 examples=5760/14395
[benchmark] batch 225/450 examples=7200/14395
[benchmark] batch 270/450 examples=8640/14395
[benchmark] batch 315/450 examples=10080/14395
[benchmark] batch 360/450 examples=11520/14395
[benchmark] batch 405/450 examples=12960/14395
[benchmark] batch 450/450 examples=14395/14395
[benchmark] done f1=0.6790 precision=0.7563 recall=0.6160 n_positives=8875
  SCORE epoch roberta_base seed=43 ep=3
[benchmark] building BioRED test examples...
[benchmark] built 14395 test examples (leaked PMIDs excluded)
[benchmark] evaluating /lus/lfs1aip2/projects/b5ac/project_1/data/10_recipe_sweep_and_training/matrix/checkpoints/roberta_base/seed_43/epochs/epoch_03 on 14395 BioRED test examples
[benchmark] batch 1/450 examples=32/14395
[benchmark] batch 45/450 examples=1440/14395
[benchmark] batch 90/450 examples=2880/14395
[benchmark] batch 135/450 examples=4320/14395
[benchmark] batch 180/450 examples=5760/14395
[benchmark] batch 225/450 examples=7200/14395
[benchmark] batch 270/450 examples=8640/14395
[benchmark] batch 315/450 examples=10080/14395
[benchmark] batch 360/450 examples=11520/14395
[benchmark] batch 405/450 examples=12960/14395
[benchmark] batch 450/450 examples=14395/14395
[benchmark] done f1=0.7141 precision=0.7486 recall=0.6827 n_positives=8875
  SCORE epoch roberta_base seed=43 ep=4
[benchmark] building BioRED test examples...
[benchmark] built 14395 test examples (leaked PMIDs excluded)
[benchmark] evaluating /lus/lfs1aip2/projects/b5ac/project_1/data/10_recipe_sweep_and_training/matrix/checkpoints/roberta_base/seed_43/epochs/epoch_04 on 14395 BioRED test examples
[benchmark] batch 1/450 examples=32/14395
[benchmark] batch 45/450 examples=1440/14395
[benchmark] batch 90/450 examples=2880/14395
[benchmark] batch 135/450 examples=4320/14395
[benchmark] batch 180/450 examples=5760/14395
[benchmark] batch 225/450 examples=7200/14395
[benchmark] batch 270/450 examples=8640/14395
[benchmark] batch 315/450 examples=10080/14395
[benchmark] batch 360/450 examples=11520/14395
[benchmark] batch 405/450 examples=12960/14395
[benchmark] batch 450/450 examples=14395/14395
[benchmark] done f1=0.7244 precision=0.7464 recall=0.7035 n_positives=8875
  SCORE epoch roberta_base seed=44 ep=1
[benchmark] building BioRED test examples...
[benchmark] built 14395 test examples (leaked PMIDs excluded)
[benchmark] evaluating /lus/lfs1aip2/projects/b5ac/project_1/data/10_recipe_sweep_and_training/matrix/checkpoints/roberta_base/seed_44/epochs/epoch_01 on 14395 BioRED test examples
[benchmark] batch 1/450 examples=32/14395
[benchmark] batch 45/450 examples=1440/14395
[benchmark] batch 90/450 examples=2880/14395
[benchmark] batch 135/450 examples=4320/14395
[benchmark] batch 180/450 examples=5760/14395
[benchmark] batch 225/450 examples=7200/14395
[benchmark] batch 270/450 examples=8640/14395
[benchmark] batch 315/450 examples=10080/14395
[benchmark] batch 360/450 examples=11520/14395
[benchmark] batch 405/450 examples=12960/14395
[benchmark] batch 450/450 examples=14395/14395
[benchmark] done f1=0.6929 precision=0.7767 recall=0.6255 n_positives=8875
  SCORE epoch roberta_base seed=44 ep=2
[benchmark] building BioRED test examples...
[benchmark] built 14395 test examples (leaked PMIDs excluded)
[benchmark] evaluating /lus/lfs1aip2/projects/b5ac/project_1/data/10_recipe_sweep_and_training/matrix/checkpoints/roberta_base/seed_44/epochs/epoch_02 on 14395 BioRED test examples
[benchmark] batch 1/450 examples=32/14395
[benchmark] batch 45/450 examples=1440/14395
[benchmark] batch 90/450 examples=2880/14395
[benchmark] batch 135/450 examples=4320/14395
[benchmark] batch 180/450 examples=5760/14395
[benchmark] batch 225/450 examples=7200/14395
[benchmark] batch 270/450 examples=8640/14395
[benchmark] batch 315/450 examples=10080/14395
[benchmark] batch 360/450 examples=11520/14395
[benchmark] batch 405/450 examples=12960/14395
[benchmark] batch 450/450 examples=14395/14395
[benchmark] done f1=0.7173 precision=0.7535 recall=0.6844 n_positives=8875
  SCORE epoch roberta_base seed=44 ep=3
[benchmark] building BioRED test examples...
[benchmark] built 14395 test examples (leaked PMIDs excluded)
[benchmark] evaluating /lus/lfs1aip2/projects/b5ac/project_1/data/10_recipe_sweep_and_training/matrix/checkpoints/roberta_base/seed_44/epochs/epoch_03 on 14395 BioRED test examples
[benchmark] batch 1/450 examples=32/14395
[benchmark] batch 45/450 examples=1440/14395
[benchmark] batch 90/450 examples=2880/14395
[benchmark] batch 135/450 examples=4320/14395
[benchmark] batch 180/450 examples=5760/14395
[benchmark] batch 225/450 examples=7200/14395
[benchmark] batch 270/450 examples=8640/14395
[benchmark] batch 315/450 examples=10080/14395
[benchmark] batch 360/450 examples=11520/14395
[benchmark] batch 405/450 examples=12960/14395
[benchmark] batch 450/450 examples=14395/14395
[benchmark] done f1=0.7683 precision=0.7470 recall=0.7908 n_positives=8875
  SCORE epoch roberta_base seed=44 ep=4
[benchmark] building BioRED test examples...
[benchmark] built 14395 test examples (leaked PMIDs excluded)
[benchmark] evaluating /lus/lfs1aip2/projects/b5ac/project_1/data/10_recipe_sweep_and_training/matrix/checkpoints/roberta_base/seed_44/epochs/epoch_04 on 14395 BioRED test examples
[benchmark] batch 1/450 examples=32/14395
[benchmark] batch 45/450 examples=1440/14395
[benchmark] batch 90/450 examples=2880/14395
[benchmark] batch 135/450 examples=4320/14395
[benchmark] batch 180/450 examples=5760/14395
[benchmark] batch 225/450 examples=7200/14395
[benchmark] batch 270/450 examples=8640/14395
[benchmark] batch 315/450 examples=10080/14395
[benchmark] batch 360/450 examples=11520/14395
[benchmark] batch 405/450 examples=12960/14395
[benchmark] batch 450/450 examples=14395/14395
[benchmark] done f1=0.7354 precision=0.7546 recall=0.7172 n_positives=8875
  SCORE epoch roberta_base seed=44 ep=5
[benchmark] building BioRED test examples...
[benchmark] built 14395 test examples (leaked PMIDs excluded)
[benchmark] evaluating /lus/lfs1aip2/projects/b5ac/project_1/data/10_recipe_sweep_and_training/matrix/checkpoints/roberta_base/seed_44/epochs/epoch_05 on 14395 BioRED test examples
[benchmark] batch 1/450 examples=32/14395
[benchmark] batch 45/450 examples=1440/14395
[benchmark] batch 90/450 examples=2880/14395
[benchmark] batch 135/450 examples=4320/14395
[benchmark] batch 180/450 examples=5760/14395
[benchmark] batch 225/450 examples=7200/14395
[benchmark] batch 270/450 examples=8640/14395
[benchmark] batch 315/450 examples=10080/14395
[benchmark] batch 360/450 examples=11520/14395
[benchmark] batch 405/450 examples=12960/14395
[benchmark] batch 450/450 examples=14395/14395
[benchmark] done f1=0.7290 precision=0.7492 recall=0.7099 n_positives=8875
  SCORE epoch roberta_base seed=44 ep=6
[benchmark] building BioRED test examples...
[benchmark] built 14395 test examples (leaked PMIDs excluded)
[benchmark] evaluating /lus/lfs1aip2/projects/b5ac/project_1/data/10_recipe_sweep_and_training/matrix/checkpoints/roberta_base/seed_44/epochs/epoch_06 on 14395 BioRED test examples
[benchmark] batch 1/450 examples=32/14395
[benchmark] batch 45/450 examples=1440/14395
[benchmark] batch 90/450 examples=2880/14395
[benchmark] batch 135/450 examples=4320/14395
[benchmark] batch 180/450 examples=5760/14395
[benchmark] batch 225/450 examples=7200/14395
[benchmark] batch 270/450 examples=8640/14395
[benchmark] batch 315/450 examples=10080/14395
[benchmark] batch 360/450 examples=11520/14395
[benchmark] batch 405/450 examples=12960/14395
[benchmark] batch 450/450 examples=14395/14395
[benchmark] done f1=0.7438 precision=0.7667 recall=0.7223 n_positives=8875
  SCORE epoch roberta_base seed=45 ep=1
[benchmark] building BioRED test examples...
[benchmark] built 14395 test examples (leaked PMIDs excluded)
[benchmark] evaluating /lus/lfs1aip2/projects/b5ac/project_1/data/10_recipe_sweep_and_training/matrix/checkpoints/roberta_base/seed_45/epochs/epoch_01 on 14395 BioRED test examples
[benchmark] batch 1/450 examples=32/14395
[benchmark] batch 45/450 examples=1440/14395
[benchmark] batch 90/450 examples=2880/14395
[benchmark] batch 135/450 examples=4320/14395
[benchmark] batch 180/450 examples=5760/14395
[benchmark] batch 225/450 examples=7200/14395
[benchmark] batch 270/450 examples=8640/14395
[benchmark] batch 315/450 examples=10080/14395
[benchmark] batch 360/450 examples=11520/14395
[benchmark] batch 405/450 examples=12960/14395
[benchmark] batch 450/450 examples=14395/14395
[benchmark] done f1=0.7456 precision=0.7122 recall=0.7822 n_positives=8875
  SCORE epoch roberta_base seed=45 ep=2
[benchmark] building BioRED test examples...
[benchmark] built 14395 test examples (leaked PMIDs excluded)
[benchmark] evaluating /lus/lfs1aip2/projects/b5ac/project_1/data/10_recipe_sweep_and_training/matrix/checkpoints/roberta_base/seed_45/epochs/epoch_02 on 14395 BioRED test examples
[benchmark] batch 1/450 examples=32/14395
[benchmark] batch 45/450 examples=1440/14395
[benchmark] batch 90/450 examples=2880/14395
[benchmark] batch 135/450 examples=4320/14395
[benchmark] batch 180/450 examples=5760/14395
[benchmark] batch 225/450 examples=7200/14395
[benchmark] batch 270/450 examples=8640/14395
[benchmark] batch 315/450 examples=10080/14395
[benchmark] batch 360/450 examples=11520/14395
[benchmark] batch 405/450 examples=12960/14395
[benchmark] batch 450/450 examples=14395/14395
[benchmark] done f1=0.7145 precision=0.7701 recall=0.6664 n_positives=8875
  SCORE epoch roberta_base seed=45 ep=3
[benchmark] building BioRED test examples...
[benchmark] built 14395 test examples (leaked PMIDs excluded)
[benchmark] evaluating /lus/lfs1aip2/projects/b5ac/project_1/data/10_recipe_sweep_and_training/matrix/checkpoints/roberta_base/seed_45/epochs/epoch_03 on 14395 BioRED test examples
[benchmark] batch 1/450 examples=32/14395
[benchmark] batch 45/450 examples=1440/14395
[benchmark] batch 90/450 examples=2880/14395
[benchmark] batch 135/450 examples=4320/14395
[benchmark] batch 180/450 examples=5760/14395
[benchmark] batch 225/450 examples=7200/14395
[benchmark] batch 270/450 examples=8640/14395
[benchmark] batch 315/450 examples=10080/14395
[benchmark] batch 360/450 examples=11520/14395
[benchmark] batch 405/450 examples=12960/14395
[benchmark] batch 450/450 examples=14395/14395
[benchmark] done f1=0.7438 precision=0.7519 recall=0.7359 n_positives=8875
  SCORE epoch roberta_base seed=45 ep=4
[benchmark] building BioRED test examples...
[benchmark] built 14395 test examples (leaked PMIDs excluded)
[benchmark] evaluating /lus/lfs1aip2/projects/b5ac/project_1/data/10_recipe_sweep_and_training/matrix/checkpoints/roberta_base/seed_45/epochs/epoch_04 on 14395 BioRED test examples
[benchmark] batch 1/450 examples=32/14395
[benchmark] batch 45/450 examples=1440/14395
[benchmark] batch 90/450 examples=2880/14395
[benchmark] batch 135/450 examples=4320/14395
[benchmark] batch 180/450 examples=5760/14395
[benchmark] batch 225/450 examples=7200/14395
[benchmark] batch 270/450 examples=8640/14395
[benchmark] batch 315/450 examples=10080/14395
[benchmark] batch 360/450 examples=11520/14395
[benchmark] batch 405/450 examples=12960/14395
[benchmark] batch 450/450 examples=14395/14395
[benchmark] done f1=0.7126 precision=0.7693 recall=0.6637 n_positives=8875
  SCORE epoch roberta_base seed=46 ep=1
[benchmark] building BioRED test examples...
[benchmark] built 14395 test examples (leaked PMIDs excluded)
[benchmark] evaluating /lus/lfs1aip2/projects/b5ac/project_1/data/10_recipe_sweep_and_training/matrix/checkpoints/roberta_base/seed_46/epochs/epoch_01 on 14395 BioRED test examples
[benchmark] batch 1/450 examples=32/14395
[benchmark] batch 45/450 examples=1440/14395
[benchmark] batch 90/450 examples=2880/14395
[benchmark] batch 135/450 examples=4320/14395
[benchmark] batch 180/450 examples=5760/14395
[benchmark] batch 225/450 examples=7200/14395
[benchmark] batch 270/450 examples=8640/14395
[benchmark] batch 315/450 examples=10080/14395
[benchmark] batch 360/450 examples=11520/14395
[benchmark] batch 405/450 examples=12960/14395
[benchmark] batch 450/450 examples=14395/14395
[benchmark] done f1=0.7316 precision=0.6777 recall=0.7948 n_positives=8875
  SCORE epoch roberta_base seed=46 ep=2
[benchmark] building BioRED test examples...
[benchmark] built 14395 test examples (leaked PMIDs excluded)
[benchmark] evaluating /lus/lfs1aip2/projects/b5ac/project_1/data/10_recipe_sweep_and_training/matrix/checkpoints/roberta_base/seed_46/epochs/epoch_02 on 14395 BioRED test examples
[benchmark] batch 1/450 examples=32/14395
[benchmark] batch 45/450 examples=1440/14395
[benchmark] batch 90/450 examples=2880/14395
[benchmark] batch 135/450 examples=4320/14395
[benchmark] batch 180/450 examples=5760/14395
[benchmark] batch 225/450 examples=7200/14395
[benchmark] batch 270/450 examples=8640/14395
[benchmark] batch 315/450 examples=10080/14395
[benchmark] batch 360/450 examples=11520/14395
[benchmark] batch 405/450 examples=12960/14395
[benchmark] batch 450/450 examples=14395/14395
[benchmark] done f1=0.7110 precision=0.7560 recall=0.6711 n_positives=8875
  SCORE epoch roberta_base seed=46 ep=3
[benchmark] building BioRED test examples...
[benchmark] built 14395 test examples (leaked PMIDs excluded)
[benchmark] evaluating /lus/lfs1aip2/projects/b5ac/project_1/data/10_recipe_sweep_and_training/matrix/checkpoints/roberta_base/seed_46/epochs/epoch_03 on 14395 BioRED test examples
[benchmark] batch 1/450 examples=32/14395
[benchmark] batch 45/450 examples=1440/14395
[benchmark] batch 90/450 examples=2880/14395
[benchmark] batch 135/450 examples=4320/14395
[benchmark] batch 180/450 examples=5760/14395
[benchmark] batch 225/450 examples=7200/14395
[benchmark] batch 270/450 examples=8640/14395
[benchmark] batch 315/450 examples=10080/14395
[benchmark] batch 360/450 examples=11520/14395
[benchmark] batch 405/450 examples=12960/14395
[benchmark] batch 450/450 examples=14395/14395
[benchmark] done f1=0.7432 precision=0.7243 recall=0.7632 n_positives=8875
  SCORE epoch roberta_base seed=46 ep=4
[benchmark] building BioRED test examples...
[benchmark] built 14395 test examples (leaked PMIDs excluded)
[benchmark] evaluating /lus/lfs1aip2/projects/b5ac/project_1/data/10_recipe_sweep_and_training/matrix/checkpoints/roberta_base/seed_46/epochs/epoch_04 on 14395 BioRED test examples
[benchmark] batch 1/450 examples=32/14395
[benchmark] batch 45/450 examples=1440/14395
[benchmark] batch 90/450 examples=2880/14395
[benchmark] batch 135/450 examples=4320/14395
[benchmark] batch 180/450 examples=5760/14395
[benchmark] batch 225/450 examples=7200/14395
[benchmark] batch 270/450 examples=8640/14395
[benchmark] batch 315/450 examples=10080/14395
[benchmark] batch 360/450 examples=11520/14395
[benchmark] batch 405/450 examples=12960/14395
[benchmark] batch 450/450 examples=14395/14395
[benchmark] done f1=0.7301 precision=0.7871 recall=0.6808 n_positives=8875
  SCORE epoch roberta_base seed=46 ep=5
[benchmark] building BioRED test examples...
[benchmark] built 14395 test examples (leaked PMIDs excluded)
[benchmark] evaluating /lus/lfs1aip2/projects/b5ac/project_1/data/10_recipe_sweep_and_training/matrix/checkpoints/roberta_base/seed_46/epochs/epoch_05 on 14395 BioRED test examples
[benchmark] batch 1/450 examples=32/14395
[benchmark] batch 45/450 examples=1440/14395
[benchmark] batch 90/450 examples=2880/14395
[benchmark] batch 135/450 examples=4320/14395
[benchmark] batch 180/450 examples=5760/14395
[benchmark] batch 225/450 examples=7200/14395
[benchmark] batch 270/450 examples=8640/14395
[benchmark] batch 315/450 examples=10080/14395
[benchmark] batch 360/450 examples=11520/14395
[benchmark] batch 405/450 examples=12960/14395
[benchmark] batch 450/450 examples=14395/14395
[benchmark] done f1=0.7400 precision=0.7529 recall=0.7277 n_positives=8875
  SCORE epoch roberta_base seed=46 ep=6
[benchmark] building BioRED test examples...
[benchmark] built 14395 test examples (leaked PMIDs excluded)
[benchmark] evaluating /lus/lfs1aip2/projects/b5ac/project_1/data/10_recipe_sweep_and_training/matrix/checkpoints/roberta_base/seed_46/epochs/epoch_06 on 14395 BioRED test examples
[benchmark] batch 1/450 examples=32/14395
[benchmark] batch 45/450 examples=1440/14395
[benchmark] batch 90/450 examples=2880/14395
[benchmark] batch 135/450 examples=4320/14395
[benchmark] batch 180/450 examples=5760/14395
[benchmark] batch 225/450 examples=7200/14395
[benchmark] batch 270/450 examples=8640/14395
[benchmark] batch 315/450 examples=10080/14395
[benchmark] batch 360/450 examples=11520/14395
[benchmark] batch 405/450 examples=12960/14395
[benchmark] batch 450/450 examples=14395/14395
[benchmark] done f1=0.7314 precision=0.7572 recall=0.7073 n_positives=8875
  SCORE epoch roberta_base seed=46 ep=7
[benchmark] building BioRED test examples...
[benchmark] built 14395 test examples (leaked PMIDs excluded)
[benchmark] evaluating /lus/lfs1aip2/projects/b5ac/project_1/data/10_recipe_sweep_and_training/matrix/checkpoints/roberta_base/seed_46/epochs/epoch_07 on 14395 BioRED test examples
[benchmark] batch 1/450 examples=32/14395
[benchmark] batch 45/450 examples=1440/14395
[benchmark] batch 90/450 examples=2880/14395
[benchmark] batch 135/450 examples=4320/14395
[benchmark] batch 180/450 examples=5760/14395
[benchmark] batch 225/450 examples=7200/14395
[benchmark] batch 270/450 examples=8640/14395
[benchmark] batch 315/450 examples=10080/14395
[benchmark] batch 360/450 examples=11520/14395
[benchmark] batch 405/450 examples=12960/14395
[benchmark] batch 450/450 examples=14395/14395
[benchmark] done f1=0.7539 precision=0.7253 recall=0.7848 n_positives=8875
  SCORE epoch roberta_base seed=46 ep=8
[benchmark] building BioRED test examples...
[benchmark] built 14395 test examples (leaked PMIDs excluded)
[benchmark] evaluating /lus/lfs1aip2/projects/b5ac/project_1/data/10_recipe_sweep_and_training/matrix/checkpoints/roberta_base/seed_46/epochs/epoch_08 on 14395 BioRED test examples
[benchmark] batch 1/450 examples=32/14395
[benchmark] batch 45/450 examples=1440/14395
[benchmark] batch 90/450 examples=2880/14395
[benchmark] batch 135/450 examples=4320/14395
[benchmark] batch 180/450 examples=5760/14395
[benchmark] batch 225/450 examples=7200/14395
[benchmark] batch 270/450 examples=8640/14395
[benchmark] batch 315/450 examples=10080/14395
[benchmark] batch 360/450 examples=11520/14395
[benchmark] batch 405/450 examples=12960/14395
[benchmark] batch 450/450 examples=14395/14395
[benchmark] done f1=0.7740 precision=0.7545 recall=0.7945 n_positives=8875
  SCORE epoch roberta_base seed=46 ep=9
[benchmark] building BioRED test examples...
[benchmark] built 14395 test examples (leaked PMIDs excluded)
[benchmark] evaluating /lus/lfs1aip2/projects/b5ac/project_1/data/10_recipe_sweep_and_training/matrix/checkpoints/roberta_base/seed_46/epochs/epoch_09 on 14395 BioRED test examples
[benchmark] batch 1/450 examples=32/14395
[benchmark] batch 45/450 examples=1440/14395
[benchmark] batch 90/450 examples=2880/14395
[benchmark] batch 135/450 examples=4320/14395
[benchmark] batch 180/450 examples=5760/14395
[benchmark] batch 225/450 examples=7200/14395
[benchmark] batch 270/450 examples=8640/14395
[benchmark] batch 315/450 examples=10080/14395
[benchmark] batch 360/450 examples=11520/14395
[benchmark] batch 405/450 examples=12960/14395
[benchmark] batch 450/450 examples=14395/14395
[benchmark] done f1=0.7344 precision=0.7018 recall=0.7701 n_positives=8875
  SCORE epoch roberta_base seed=46 ep=10
[benchmark] building BioRED test examples...
[benchmark] built 14395 test examples (leaked PMIDs excluded)
[benchmark] evaluating /lus/lfs1aip2/projects/b5ac/project_1/data/10_recipe_sweep_and_training/matrix/checkpoints/roberta_base/seed_46/epochs/epoch_10 on 14395 BioRED test examples
[benchmark] batch 1/450 examples=32/14395
[benchmark] batch 45/450 examples=1440/14395
[benchmark] batch 90/450 examples=2880/14395
[benchmark] batch 135/450 examples=4320/14395
[benchmark] batch 180/450 examples=5760/14395
[benchmark] batch 225/450 examples=7200/14395
[benchmark] batch 270/450 examples=8640/14395
[benchmark] batch 315/450 examples=10080/14395
[benchmark] batch 360/450 examples=11520/14395
[benchmark] batch 405/450 examples=12960/14395
[benchmark] batch 450/450 examples=14395/14395
[benchmark] done f1=0.7569 precision=0.7543 recall=0.7594 n_positives=8875
  SCORE epoch roberta_base seed=47 ep=1
[benchmark] building BioRED test examples...
[benchmark] built 14395 test examples (leaked PMIDs excluded)
[benchmark] evaluating /lus/lfs1aip2/projects/b5ac/project_1/data/10_recipe_sweep_and_training/matrix/checkpoints/roberta_base/seed_47/epochs/epoch_01 on 14395 BioRED test examples
[benchmark] batch 1/450 examples=32/14395
[benchmark] batch 45/450 examples=1440/14395
[benchmark] batch 90/450 examples=2880/14395
[benchmark] batch 135/450 examples=4320/14395
[benchmark] batch 180/450 examples=5760/14395
[benchmark] batch 225/450 examples=7200/14395
[benchmark] batch 270/450 examples=8640/14395
[benchmark] batch 315/450 examples=10080/14395
[benchmark] batch 360/450 examples=11520/14395
[benchmark] batch 405/450 examples=12960/14395
[benchmark] batch 450/450 examples=14395/14395
[benchmark] done f1=0.7178 precision=0.7665 recall=0.6749 n_positives=8875
  SCORE epoch roberta_base seed=47 ep=2
[benchmark] building BioRED test examples...
[benchmark] built 14395 test examples (leaked PMIDs excluded)
[benchmark] evaluating /lus/lfs1aip2/projects/b5ac/project_1/data/10_recipe_sweep_and_training/matrix/checkpoints/roberta_base/seed_47/epochs/epoch_02 on 14395 BioRED test examples
[benchmark] batch 1/450 examples=32/14395
[benchmark] batch 45/450 examples=1440/14395
[benchmark] batch 90/450 examples=2880/14395
[benchmark] batch 135/450 examples=4320/14395
[benchmark] batch 180/450 examples=5760/14395
[benchmark] batch 225/450 examples=7200/14395
[benchmark] batch 270/450 examples=8640/14395
[benchmark] batch 315/450 examples=10080/14395
[benchmark] batch 360/450 examples=11520/14395
[benchmark] batch 405/450 examples=12960/14395
[benchmark] batch 450/450 examples=14395/14395
[benchmark] done f1=0.7125 precision=0.7610 recall=0.6699 n_positives=8875
  SCORE epoch roberta_base seed=47 ep=3
[benchmark] building BioRED test examples...
[benchmark] built 14395 test examples (leaked PMIDs excluded)
[benchmark] evaluating /lus/lfs1aip2/projects/b5ac/project_1/data/10_recipe_sweep_and_training/matrix/checkpoints/roberta_base/seed_47/epochs/epoch_03 on 14395 BioRED test examples
[benchmark] batch 1/450 examples=32/14395
[benchmark] batch 45/450 examples=1440/14395
[benchmark] batch 90/450 examples=2880/14395
[benchmark] batch 135/450 examples=4320/14395
[benchmark] batch 180/450 examples=5760/14395
[benchmark] batch 225/450 examples=7200/14395
[benchmark] batch 270/450 examples=8640/14395
[benchmark] batch 315/450 examples=10080/14395
[benchmark] batch 360/450 examples=11520/14395
[benchmark] batch 405/450 examples=12960/14395
[benchmark] batch 450/450 examples=14395/14395
[benchmark] done f1=0.7346 precision=0.7224 recall=0.7473 n_positives=8875
  SCORE epoch roberta_base seed=47 ep=4
[benchmark] building BioRED test examples...
[benchmark] built 14395 test examples (leaked PMIDs excluded)
[benchmark] evaluating /lus/lfs1aip2/projects/b5ac/project_1/data/10_recipe_sweep_and_training/matrix/checkpoints/roberta_base/seed_47/epochs/epoch_04 on 14395 BioRED test examples
[benchmark] batch 1/450 examples=32/14395
[benchmark] batch 45/450 examples=1440/14395
[benchmark] batch 90/450 examples=2880/14395
[benchmark] batch 135/450 examples=4320/14395
[benchmark] batch 180/450 examples=5760/14395
[benchmark] batch 225/450 examples=7200/14395
[benchmark] batch 270/450 examples=8640/14395
[benchmark] batch 315/450 examples=10080/14395
[benchmark] batch 360/450 examples=11520/14395
[benchmark] batch 405/450 examples=12960/14395
[benchmark] batch 450/450 examples=14395/14395
[benchmark] done f1=0.6985 precision=0.8126 recall=0.6125 n_positives=8875
  SCORE epoch roberta_base seed=47 ep=5
[benchmark] building BioRED test examples...
[benchmark] built 14395 test examples (leaked PMIDs excluded)
[benchmark] evaluating /lus/lfs1aip2/projects/b5ac/project_1/data/10_recipe_sweep_and_training/matrix/checkpoints/roberta_base/seed_47/epochs/epoch_05 on 14395 BioRED test examples
[benchmark] batch 1/450 examples=32/14395
[benchmark] batch 45/450 examples=1440/14395
[benchmark] batch 90/450 examples=2880/14395
[benchmark] batch 135/450 examples=4320/14395
[benchmark] batch 180/450 examples=5760/14395
[benchmark] batch 225/450 examples=7200/14395
[benchmark] batch 270/450 examples=8640/14395
[benchmark] batch 315/450 examples=10080/14395
[benchmark] batch 360/450 examples=11520/14395
[benchmark] batch 405/450 examples=12960/14395
[benchmark] batch 450/450 examples=14395/14395
[benchmark] done f1=0.7120 precision=0.7741 recall=0.6592 n_positives=8875
  SCORE epoch roberta_base seed=47 ep=6
[benchmark] building BioRED test examples...
[benchmark] built 14395 test examples (leaked PMIDs excluded)
[benchmark] evaluating /lus/lfs1aip2/projects/b5ac/project_1/data/10_recipe_sweep_and_training/matrix/checkpoints/roberta_base/seed_47/epochs/epoch_06 on 14395 BioRED test examples
[benchmark] batch 1/450 examples=32/14395
[benchmark] batch 45/450 examples=1440/14395
[benchmark] batch 90/450 examples=2880/14395
[benchmark] batch 135/450 examples=4320/14395
[benchmark] batch 180/450 examples=5760/14395
[benchmark] batch 225/450 examples=7200/14395
[benchmark] batch 270/450 examples=8640/14395
[benchmark] batch 315/450 examples=10080/14395
[benchmark] batch 360/450 examples=11520/14395
[benchmark] batch 405/450 examples=12960/14395
[benchmark] batch 450/450 examples=14395/14395
[benchmark] done f1=0.7766 precision=0.7291 recall=0.8306 n_positives=8875
  SCORE epoch roberta_base seed=47 ep=7
[benchmark] building BioRED test examples...
[benchmark] built 14395 test examples (leaked PMIDs excluded)
[benchmark] evaluating /lus/lfs1aip2/projects/b5ac/project_1/data/10_recipe_sweep_and_training/matrix/checkpoints/roberta_base/seed_47/epochs/epoch_07 on 14395 BioRED test examples
[benchmark] batch 1/450 examples=32/14395
[benchmark] batch 45/450 examples=1440/14395
[benchmark] batch 90/450 examples=2880/14395
[benchmark] batch 135/450 examples=4320/14395
[benchmark] batch 180/450 examples=5760/14395
[benchmark] batch 225/450 examples=7200/14395
[benchmark] batch 270/450 examples=8640/14395
[benchmark] batch 315/450 examples=10080/14395
[benchmark] batch 360/450 examples=11520/14395
[benchmark] batch 405/450 examples=12960/14395
[benchmark] batch 450/450 examples=14395/14395
[benchmark] done f1=0.7429 precision=0.7669 recall=0.7203 n_positives=8875
  SCORE epoch roberta_base seed=47 ep=8
[benchmark] building BioRED test examples...
[benchmark] built 14395 test examples (leaked PMIDs excluded)
[benchmark] evaluating /lus/lfs1aip2/projects/b5ac/project_1/data/10_recipe_sweep_and_training/matrix/checkpoints/roberta_base/seed_47/epochs/epoch_08 on 14395 BioRED test examples
[benchmark] batch 1/450 examples=32/14395
[benchmark] batch 45/450 examples=1440/14395
[benchmark] batch 90/450 examples=2880/14395
[benchmark] batch 135/450 examples=4320/14395
[benchmark] batch 180/450 examples=5760/14395
[benchmark] batch 225/450 examples=7200/14395
[benchmark] batch 270/450 examples=8640/14395
[benchmark] batch 315/450 examples=10080/14395
[benchmark] batch 360/450 examples=11520/14395
[benchmark] batch 405/450 examples=12960/14395
[benchmark] batch 450/450 examples=14395/14395
[benchmark] done f1=0.7721 precision=0.7590 recall=0.7856 n_positives=8875
  SCORE epoch roberta_base seed=47 ep=9
[benchmark] building BioRED test examples...
[benchmark] built 14395 test examples (leaked PMIDs excluded)
[benchmark] evaluating /lus/lfs1aip2/projects/b5ac/project_1/data/10_recipe_sweep_and_training/matrix/checkpoints/roberta_base/seed_47/epochs/epoch_09 on 14395 BioRED test examples
[benchmark] batch 1/450 examples=32/14395
[benchmark] batch 45/450 examples=1440/14395
[benchmark] batch 90/450 examples=2880/14395
[benchmark] batch 135/450 examples=4320/14395
[benchmark] batch 180/450 examples=5760/14395
[benchmark] batch 225/450 examples=7200/14395
[benchmark] batch 270/450 examples=8640/14395
[benchmark] batch 315/450 examples=10080/14395
[benchmark] batch 360/450 examples=11520/14395
[benchmark] batch 405/450 examples=12960/14395
[benchmark] batch 450/450 examples=14395/14395
[benchmark] done f1=0.7478 precision=0.7391 recall=0.7567 n_positives=8875
  SCORE epoch roberta_base seed=47 ep=10
[benchmark] building BioRED test examples...
[benchmark] built 14395 test examples (leaked PMIDs excluded)
[benchmark] evaluating /lus/lfs1aip2/projects/b5ac/project_1/data/10_recipe_sweep_and_training/matrix/checkpoints/roberta_base/seed_47/epochs/epoch_10 on 14395 BioRED test examples
[benchmark] batch 1/450 examples=32/14395
[benchmark] batch 45/450 examples=1440/14395
[benchmark] batch 90/450 examples=2880/14395
[benchmark] batch 135/450 examples=4320/14395
[benchmark] batch 180/450 examples=5760/14395
[benchmark] batch 225/450 examples=7200/14395
[benchmark] batch 270/450 examples=8640/14395
[benchmark] batch 315/450 examples=10080/14395
[benchmark] batch 360/450 examples=11520/14395
[benchmark] batch 405/450 examples=12960/14395
[benchmark] batch 450/450 examples=14395/14395
[benchmark] done f1=0.7359 precision=0.7350 recall=0.7368 n_positives=8875
  SCORE epoch roberta_base seed=48 ep=1
[benchmark] building BioRED test examples...
[benchmark] built 14395 test examples (leaked PMIDs excluded)
[benchmark] evaluating /lus/lfs1aip2/projects/b5ac/project_1/data/10_recipe_sweep_and_training/matrix/checkpoints/roberta_base/seed_48/epochs/epoch_01 on 14395 BioRED test examples
[benchmark] batch 1/450 examples=32/14395
[benchmark] batch 45/450 examples=1440/14395
[benchmark] batch 90/450 examples=2880/14395
[benchmark] batch 135/450 examples=4320/14395
[benchmark] batch 180/450 examples=5760/14395
[benchmark] batch 225/450 examples=7200/14395
[benchmark] batch 270/450 examples=8640/14395
[benchmark] batch 315/450 examples=10080/14395
[benchmark] batch 360/450 examples=11520/14395
[benchmark] batch 405/450 examples=12960/14395
[benchmark] batch 450/450 examples=14395/14395
[benchmark] done f1=0.7106 precision=0.7552 recall=0.6710 n_positives=8875
  SCORE epoch roberta_base seed=48 ep=2
[benchmark] building BioRED test examples...
[benchmark] built 14395 test examples (leaked PMIDs excluded)
[benchmark] evaluating /lus/lfs1aip2/projects/b5ac/project_1/data/10_recipe_sweep_and_training/matrix/checkpoints/roberta_base/seed_48/epochs/epoch_02 on 14395 BioRED test examples
[benchmark] batch 1/450 examples=32/14395
[benchmark] batch 45/450 examples=1440/14395
[benchmark] batch 90/450 examples=2880/14395
[benchmark] batch 135/450 examples=4320/14395
[benchmark] batch 180/450 examples=5760/14395
[benchmark] batch 225/450 examples=7200/14395
[benchmark] batch 270/450 examples=8640/14395
[benchmark] batch 315/450 examples=10080/14395
[benchmark] batch 360/450 examples=11520/14395
[benchmark] batch 405/450 examples=12960/14395
[benchmark] batch 450/450 examples=14395/14395
[benchmark] done f1=0.6830 precision=0.8036 recall=0.5938 n_positives=8875
  SCORE epoch roberta_base seed=48 ep=3
[benchmark] building BioRED test examples...
[benchmark] built 14395 test examples (leaked PMIDs excluded)
[benchmark] evaluating /lus/lfs1aip2/projects/b5ac/project_1/data/10_recipe_sweep_and_training/matrix/checkpoints/roberta_base/seed_48/epochs/epoch_03 on 14395 BioRED test examples
[benchmark] batch 1/450 examples=32/14395
[benchmark] batch 45/450 examples=1440/14395
[benchmark] batch 90/450 examples=2880/14395
[benchmark] batch 135/450 examples=4320/14395
[benchmark] batch 180/450 examples=5760/14395
[benchmark] batch 225/450 examples=7200/14395
[benchmark] batch 270/450 examples=8640/14395
[benchmark] batch 315/450 examples=10080/14395
[benchmark] batch 360/450 examples=11520/14395
[benchmark] batch 405/450 examples=12960/14395
[benchmark] batch 450/450 examples=14395/14395
[benchmark] done f1=0.7285 precision=0.7225 recall=0.7345 n_positives=8875
  SCORE epoch roberta_base seed=48 ep=4
[benchmark] building BioRED test examples...
[benchmark] built 14395 test examples (leaked PMIDs excluded)
[benchmark] evaluating /lus/lfs1aip2/projects/b5ac/project_1/data/10_recipe_sweep_and_training/matrix/checkpoints/roberta_base/seed_48/epochs/epoch_04 on 14395 BioRED test examples
[benchmark] batch 1/450 examples=32/14395
[benchmark] batch 45/450 examples=1440/14395
[benchmark] batch 90/450 examples=2880/14395
[benchmark] batch 135/450 examples=4320/14395
[benchmark] batch 180/450 examples=5760/14395
[benchmark] batch 225/450 examples=7200/14395
[benchmark] batch 270/450 examples=8640/14395
[benchmark] batch 315/450 examples=10080/14395
[benchmark] batch 360/450 examples=11520/14395
[benchmark] batch 405/450 examples=12960/14395
[benchmark] batch 450/450 examples=14395/14395
[benchmark] done f1=0.7712 precision=0.7407 recall=0.8044 n_positives=8875
  SCORE epoch roberta_base seed=48 ep=5
[benchmark] building BioRED test examples...
[benchmark] built 14395 test examples (leaked PMIDs excluded)
[benchmark] evaluating /lus/lfs1aip2/projects/b5ac/project_1/data/10_recipe_sweep_and_training/matrix/checkpoints/roberta_base/seed_48/epochs/epoch_05 on 14395 BioRED test examples
[benchmark] batch 1/450 examples=32/14395
[benchmark] batch 45/450 examples=1440/14395
[benchmark] batch 90/450 examples=2880/14395
[benchmark] batch 135/450 examples=4320/14395
[benchmark] batch 180/450 examples=5760/14395
[benchmark] batch 225/450 examples=7200/14395
[benchmark] batch 270/450 examples=8640/14395
[benchmark] batch 315/450 examples=10080/14395
[benchmark] batch 360/450 examples=11520/14395
[benchmark] batch 405/450 examples=12960/14395
[benchmark] batch 450/450 examples=14395/14395
[benchmark] done f1=0.7488 precision=0.7408 recall=0.7571 n_positives=8875
  SCORE epoch roberta_base seed=48 ep=6
[benchmark] building BioRED test examples...
[benchmark] built 14395 test examples (leaked PMIDs excluded)
[benchmark] evaluating /lus/lfs1aip2/projects/b5ac/project_1/data/10_recipe_sweep_and_training/matrix/checkpoints/roberta_base/seed_48/epochs/epoch_06 on 14395 BioRED test examples
[benchmark] batch 1/450 examples=32/14395
[benchmark] batch 45/450 examples=1440/14395
[benchmark] batch 90/450 examples=2880/14395
[benchmark] batch 135/450 examples=4320/14395
[benchmark] batch 180/450 examples=5760/14395
[benchmark] batch 225/450 examples=7200/14395
[benchmark] batch 270/450 examples=8640/14395
[benchmark] batch 315/450 examples=10080/14395
[benchmark] batch 360/450 examples=11520/14395
[benchmark] batch 405/450 examples=12960/14395
[benchmark] batch 450/450 examples=14395/14395
[benchmark] done f1=0.7392 precision=0.7438 recall=0.7346 n_positives=8875
  SCORE epoch roberta_base seed=48 ep=7
[benchmark] building BioRED test examples...
[benchmark] built 14395 test examples (leaked PMIDs excluded)
[benchmark] evaluating /lus/lfs1aip2/projects/b5ac/project_1/data/10_recipe_sweep_and_training/matrix/checkpoints/roberta_base/seed_48/epochs/epoch_07 on 14395 BioRED test examples
[benchmark] batch 1/450 examples=32/14395
[benchmark] batch 45/450 examples=1440/14395
[benchmark] batch 90/450 examples=2880/14395
[benchmark] batch 135/450 examples=4320/14395
[benchmark] batch 180/450 examples=5760/14395
[benchmark] batch 225/450 examples=7200/14395
[benchmark] batch 270/450 examples=8640/14395
[benchmark] batch 315/450 examples=10080/14395
[benchmark] batch 360/450 examples=11520/14395
[benchmark] batch 405/450 examples=12960/14395
[benchmark] batch 450/450 examples=14395/14395
[benchmark] done f1=0.7266 precision=0.7373 recall=0.7162 n_positives=8875
  SCORE epoch roberta_base seed=48 ep=8
[benchmark] building BioRED test examples...
[benchmark] built 14395 test examples (leaked PMIDs excluded)
[benchmark] evaluating /lus/lfs1aip2/projects/b5ac/project_1/data/10_recipe_sweep_and_training/matrix/checkpoints/roberta_base/seed_48/epochs/epoch_08 on 14395 BioRED test examples
[benchmark] batch 1/450 examples=32/14395
[benchmark] batch 45/450 examples=1440/14395
[benchmark] batch 90/450 examples=2880/14395
[benchmark] batch 135/450 examples=4320/14395
[benchmark] batch 180/450 examples=5760/14395
[benchmark] batch 225/450 examples=7200/14395
[benchmark] batch 270/450 examples=8640/14395
[benchmark] batch 315/450 examples=10080/14395
[benchmark] batch 360/450 examples=11520/14395
[benchmark] batch 405/450 examples=12960/14395
[benchmark] batch 450/450 examples=14395/14395
[benchmark] done f1=0.7384 precision=0.7454 recall=0.7316 n_positives=8875
  SCORE epoch roberta_base seed=48 ep=9
[benchmark] building BioRED test examples...
[benchmark] built 14395 test examples (leaked PMIDs excluded)
[benchmark] evaluating /lus/lfs1aip2/projects/b5ac/project_1/data/10_recipe_sweep_and_training/matrix/checkpoints/roberta_base/seed_48/epochs/epoch_09 on 14395 BioRED test examples
[benchmark] batch 1/450 examples=32/14395
[benchmark] batch 45/450 examples=1440/14395
[benchmark] batch 90/450 examples=2880/14395
[benchmark] batch 135/450 examples=4320/14395
[benchmark] batch 180/450 examples=5760/14395
[benchmark] batch 225/450 examples=7200/14395
[benchmark] batch 270/450 examples=8640/14395
[benchmark] batch 315/450 examples=10080/14395
[benchmark] batch 360/450 examples=11520/14395
[benchmark] batch 405/450 examples=12960/14395
[benchmark] batch 450/450 examples=14395/14395
[benchmark] done f1=0.7102 precision=0.7486 recall=0.6755 n_positives=8875
  SCORE epoch roberta_base seed=48 ep=10
[benchmark] building BioRED test examples...
[benchmark] built 14395 test examples (leaked PMIDs excluded)
[benchmark] evaluating /lus/lfs1aip2/projects/b5ac/project_1/data/10_recipe_sweep_and_training/matrix/checkpoints/roberta_base/seed_48/epochs/epoch_10 on 14395 BioRED test examples
[benchmark] batch 1/450 examples=32/14395
[benchmark] batch 45/450 examples=1440/14395
[benchmark] batch 90/450 examples=2880/14395
[benchmark] batch 135/450 examples=4320/14395
[benchmark] batch 180/450 examples=5760/14395
[benchmark] batch 225/450 examples=7200/14395
[benchmark] batch 270/450 examples=8640/14395
[benchmark] batch 315/450 examples=10080/14395
[benchmark] batch 360/450 examples=11520/14395
[benchmark] batch 405/450 examples=12960/14395
[benchmark] batch 450/450 examples=14395/14395
[benchmark] done f1=0.7525 precision=0.7512 recall=0.7537 n_positives=8875
  SCORE epoch roberta_base seed=49 ep=1
[benchmark] building BioRED test examples...
[benchmark] built 14395 test examples (leaked PMIDs excluded)
[benchmark] evaluating /lus/lfs1aip2/projects/b5ac/project_1/data/10_recipe_sweep_and_training/matrix/checkpoints/roberta_base/seed_49/epochs/epoch_01 on 14395 BioRED test examples
[benchmark] batch 1/450 examples=32/14395
[benchmark] batch 45/450 examples=1440/14395
[benchmark] batch 90/450 examples=2880/14395
[benchmark] batch 135/450 examples=4320/14395
[benchmark] batch 180/450 examples=5760/14395
[benchmark] batch 225/450 examples=7200/14395
[benchmark] batch 270/450 examples=8640/14395
[benchmark] batch 315/450 examples=10080/14395
[benchmark] batch 360/450 examples=11520/14395
[benchmark] batch 405/450 examples=12960/14395
[benchmark] batch 450/450 examples=14395/14395
[benchmark] done f1=0.5943 precision=0.8065 recall=0.4705 n_positives=8875
  SCORE epoch roberta_base seed=49 ep=2
[benchmark] building BioRED test examples...
[benchmark] built 14395 test examples (leaked PMIDs excluded)
[benchmark] evaluating /lus/lfs1aip2/projects/b5ac/project_1/data/10_recipe_sweep_and_training/matrix/checkpoints/roberta_base/seed_49/epochs/epoch_02 on 14395 BioRED test examples
[benchmark] batch 1/450 examples=32/14395
[benchmark] batch 45/450 examples=1440/14395
[benchmark] batch 90/450 examples=2880/14395
[benchmark] batch 135/450 examples=4320/14395
[benchmark] batch 180/450 examples=5760/14395
[benchmark] batch 225/450 examples=7200/14395
[benchmark] batch 270/450 examples=8640/14395
[benchmark] batch 315/450 examples=10080/14395
[benchmark] batch 360/450 examples=11520/14395
[benchmark] batch 405/450 examples=12960/14395
[benchmark] batch 450/450 examples=14395/14395
[benchmark] done f1=0.6452 precision=0.8217 recall=0.5312 n_positives=8875
  SCORE epoch roberta_base seed=49 ep=3
[benchmark] building BioRED test examples...
[benchmark] built 14395 test examples (leaked PMIDs excluded)
[benchmark] evaluating /lus/lfs1aip2/projects/b5ac/project_1/data/10_recipe_sweep_and_training/matrix/checkpoints/roberta_base/seed_49/epochs/epoch_03 on 14395 BioRED test examples
[benchmark] batch 1/450 examples=32/14395
[benchmark] batch 45/450 examples=1440/14395
[benchmark] batch 90/450 examples=2880/14395
[benchmark] batch 135/450 examples=4320/14395
[benchmark] batch 180/450 examples=5760/14395
[benchmark] batch 225/450 examples=7200/14395
[benchmark] batch 270/450 examples=8640/14395
[benchmark] batch 315/450 examples=10080/14395
[benchmark] batch 360/450 examples=11520/14395
[benchmark] batch 405/450 examples=12960/14395
[benchmark] batch 450/450 examples=14395/14395
[benchmark] done f1=0.7392 precision=0.7526 recall=0.7263 n_positives=8875
  SCORE epoch roberta_base seed=49 ep=4
[benchmark] building BioRED test examples...
[benchmark] built 14395 test examples (leaked PMIDs excluded)
[benchmark] evaluating /lus/lfs1aip2/projects/b5ac/project_1/data/10_recipe_sweep_and_training/matrix/checkpoints/roberta_base/seed_49/epochs/epoch_04 on 14395 BioRED test examples
[benchmark] batch 1/450 examples=32/14395
[benchmark] batch 45/450 examples=1440/14395
[benchmark] batch 90/450 examples=2880/14395
[benchmark] batch 135/450 examples=4320/14395
[benchmark] batch 180/450 examples=5760/14395
[benchmark] batch 225/450 examples=7200/14395
[benchmark] batch 270/450 examples=8640/14395
[benchmark] batch 315/450 examples=10080/14395
[benchmark] batch 360/450 examples=11520/14395
[benchmark] batch 405/450 examples=12960/14395
[benchmark] batch 450/450 examples=14395/14395
[benchmark] done f1=0.6958 precision=0.7572 recall=0.6436 n_positives=8875
  SCORE epoch roberta_base seed=49 ep=5
[benchmark] building BioRED test examples...
[benchmark] built 14395 test examples (leaked PMIDs excluded)
[benchmark] evaluating /lus/lfs1aip2/projects/b5ac/project_1/data/10_recipe_sweep_and_training/matrix/checkpoints/roberta_base/seed_49/epochs/epoch_05 on 14395 BioRED test examples
[benchmark] batch 1/450 examples=32/14395
[benchmark] batch 45/450 examples=1440/14395
[benchmark] batch 90/450 examples=2880/14395
[benchmark] batch 135/450 examples=4320/14395
[benchmark] batch 180/450 examples=5760/14395
[benchmark] batch 225/450 examples=7200/14395
[benchmark] batch 270/450 examples=8640/14395
[benchmark] batch 315/450 examples=10080/14395
[benchmark] batch 360/450 examples=11520/14395
[benchmark] batch 405/450 examples=12960/14395
[benchmark] batch 450/450 examples=14395/14395
[benchmark] done f1=0.7044 precision=0.7788 recall=0.6430 n_positives=8875
  SCORE epoch roberta_base seed=49 ep=6
[benchmark] building BioRED test examples...
[benchmark] built 14395 test examples (leaked PMIDs excluded)
[benchmark] evaluating /lus/lfs1aip2/projects/b5ac/project_1/data/10_recipe_sweep_and_training/matrix/checkpoints/roberta_base/seed_49/epochs/epoch_06 on 14395 BioRED test examples
[benchmark] batch 1/450 examples=32/14395
[benchmark] batch 45/450 examples=1440/14395
[benchmark] batch 90/450 examples=2880/14395
[benchmark] batch 135/450 examples=4320/14395
[benchmark] batch 180/450 examples=5760/14395
[benchmark] batch 225/450 examples=7200/14395
[benchmark] batch 270/450 examples=8640/14395
[benchmark] batch 315/450 examples=10080/14395
[benchmark] batch 360/450 examples=11520/14395
[benchmark] batch 405/450 examples=12960/14395
[benchmark] batch 450/450 examples=14395/14395
[benchmark] done f1=0.7040 precision=0.7780 recall=0.6428 n_positives=8875
  SCORE epoch distilbert_base seed=42 ep=1
[benchmark] building BioRED test examples...
[benchmark] built 14395 test examples (leaked PMIDs excluded)
[benchmark] evaluating /lus/lfs1aip2/projects/b5ac/project_1/data/10_recipe_sweep_and_training/matrix/checkpoints/distilbert_base/seed_42/epochs/epoch_01 on 14395 BioRED test examples
[benchmark] batch 1/450 examples=32/14395
[benchmark] batch 45/450 examples=1440/14395
[benchmark] batch 90/450 examples=2880/14395
[benchmark] batch 135/450 examples=4320/14395
[benchmark] batch 180/450 examples=5760/14395
[benchmark] batch 225/450 examples=7200/14395
[benchmark] batch 270/450 examples=8640/14395
[benchmark] batch 315/450 examples=10080/14395
[benchmark] batch 360/450 examples=11520/14395
[benchmark] batch 405/450 examples=12960/14395
[benchmark] batch 450/450 examples=14395/14395
[benchmark] done f1=0.6914 precision=0.7896 recall=0.6149 n_positives=8875
  SCORE epoch distilbert_base seed=42 ep=2
[benchmark] building BioRED test examples...
[benchmark] built 14395 test examples (leaked PMIDs excluded)
[benchmark] evaluating /lus/lfs1aip2/projects/b5ac/project_1/data/10_recipe_sweep_and_training/matrix/checkpoints/distilbert_base/seed_42/epochs/epoch_02 on 14395 BioRED test examples
[benchmark] batch 1/450 examples=32/14395
[benchmark] batch 45/450 examples=1440/14395
[benchmark] batch 90/450 examples=2880/14395
[benchmark] batch 135/450 examples=4320/14395
[benchmark] batch 180/450 examples=5760/14395
[benchmark] batch 225/450 examples=7200/14395
[benchmark] batch 270/450 examples=8640/14395
[benchmark] batch 315/450 examples=10080/14395
[benchmark] batch 360/450 examples=11520/14395
[benchmark] batch 405/450 examples=12960/14395
[benchmark] batch 450/450 examples=14395/14395
[benchmark] done f1=0.7317 precision=0.7492 recall=0.7149 n_positives=8875
  SCORE epoch distilbert_base seed=42 ep=3
[benchmark] building BioRED test examples...
[benchmark] built 14395 test examples (leaked PMIDs excluded)
[benchmark] evaluating /lus/lfs1aip2/projects/b5ac/project_1/data/10_recipe_sweep_and_training/matrix/checkpoints/distilbert_base/seed_42/epochs/epoch_03 on 14395 BioRED test examples
[benchmark] batch 1/450 examples=32/14395
[benchmark] batch 45/450 examples=1440/14395
[benchmark] batch 90/450 examples=2880/14395
[benchmark] batch 135/450 examples=4320/14395
[benchmark] batch 180/450 examples=5760/14395
[benchmark] batch 225/450 examples=7200/14395
[benchmark] batch 270/450 examples=8640/14395
[benchmark] batch 315/450 examples=10080/14395
[benchmark] batch 360/450 examples=11520/14395
[benchmark] batch 405/450 examples=12960/14395
[benchmark] batch 450/450 examples=14395/14395
[benchmark] done f1=0.7030 precision=0.7872 recall=0.6350 n_positives=8875
  SCORE epoch distilbert_base seed=42 ep=4
[benchmark] building BioRED test examples...
[benchmark] built 14395 test examples (leaked PMIDs excluded)
[benchmark] evaluating /lus/lfs1aip2/projects/b5ac/project_1/data/10_recipe_sweep_and_training/matrix/checkpoints/distilbert_base/seed_42/epochs/epoch_04 on 14395 BioRED test examples
[benchmark] batch 1/450 examples=32/14395
[benchmark] batch 45/450 examples=1440/14395
[benchmark] batch 90/450 examples=2880/14395
[benchmark] batch 135/450 examples=4320/14395
[benchmark] batch 180/450 examples=5760/14395
[benchmark] batch 225/450 examples=7200/14395
[benchmark] batch 270/450 examples=8640/14395
[benchmark] batch 315/450 examples=10080/14395
[benchmark] batch 360/450 examples=11520/14395
[benchmark] batch 405/450 examples=12960/14395
[benchmark] batch 450/450 examples=14395/14395
[benchmark] done f1=0.7003 precision=0.8017 recall=0.6217 n_positives=8875
  SCORE epoch distilbert_base seed=42 ep=5
[benchmark] building BioRED test examples...
[benchmark] built 14395 test examples (leaked PMIDs excluded)
[benchmark] evaluating /lus/lfs1aip2/projects/b5ac/project_1/data/10_recipe_sweep_and_training/matrix/checkpoints/distilbert_base/seed_42/epochs/epoch_05 on 14395 BioRED test examples
[benchmark] batch 1/450 examples=32/14395
[benchmark] batch 45/450 examples=1440/14395
[benchmark] batch 90/450 examples=2880/14395
[benchmark] batch 135/450 examples=4320/14395
[benchmark] batch 180/450 examples=5760/14395
[benchmark] batch 225/450 examples=7200/14395
[benchmark] batch 270/450 examples=8640/14395
[benchmark] batch 315/450 examples=10080/14395
[benchmark] batch 360/450 examples=11520/14395
[benchmark] batch 405/450 examples=12960/14395
[benchmark] batch 450/450 examples=14395/14395
[benchmark] done f1=0.7469 precision=0.7630 recall=0.7314 n_positives=8875
  SCORE epoch distilbert_base seed=42 ep=6
[benchmark] building BioRED test examples...
[benchmark] built 14395 test examples (leaked PMIDs excluded)
[benchmark] evaluating /lus/lfs1aip2/projects/b5ac/project_1/data/10_recipe_sweep_and_training/matrix/checkpoints/distilbert_base/seed_42/epochs/epoch_06 on 14395 BioRED test examples
[benchmark] batch 1/450 examples=32/14395
[benchmark] batch 45/450 examples=1440/14395
[benchmark] batch 90/450 examples=2880/14395
[benchmark] batch 135/450 examples=4320/14395
[benchmark] batch 180/450 examples=5760/14395
[benchmark] batch 225/450 examples=7200/14395
[benchmark] batch 270/450 examples=8640/14395
[benchmark] batch 315/450 examples=10080/14395
[benchmark] batch 360/450 examples=11520/14395
[benchmark] batch 405/450 examples=12960/14395
[benchmark] batch 450/450 examples=14395/14395
[benchmark] done f1=0.7277 precision=0.7853 recall=0.6780 n_positives=8875
  SCORE epoch distilbert_base seed=42 ep=7
[benchmark] building BioRED test examples...
[benchmark] built 14395 test examples (leaked PMIDs excluded)
[benchmark] evaluating /lus/lfs1aip2/projects/b5ac/project_1/data/10_recipe_sweep_and_training/matrix/checkpoints/distilbert_base/seed_42/epochs/epoch_07 on 14395 BioRED test examples
[benchmark] batch 1/450 examples=32/14395
[benchmark] batch 45/450 examples=1440/14395
[benchmark] batch 90/450 examples=2880/14395
[benchmark] batch 135/450 examples=4320/14395
[benchmark] batch 180/450 examples=5760/14395
[benchmark] batch 225/450 examples=7200/14395
[benchmark] batch 270/450 examples=8640/14395
[benchmark] batch 315/450 examples=10080/14395
[benchmark] batch 360/450 examples=11520/14395
[benchmark] batch 405/450 examples=12960/14395
[benchmark] batch 450/450 examples=14395/14395
[benchmark] done f1=0.7172 precision=0.7639 recall=0.6758 n_positives=8875
  SCORE epoch distilbert_base seed=42 ep=8
[benchmark] building BioRED test examples...
[benchmark] built 14395 test examples (leaked PMIDs excluded)
[benchmark] evaluating /lus/lfs1aip2/projects/b5ac/project_1/data/10_recipe_sweep_and_training/matrix/checkpoints/distilbert_base/seed_42/epochs/epoch_08 on 14395 BioRED test examples
[benchmark] batch 1/450 examples=32/14395
[benchmark] batch 45/450 examples=1440/14395
[benchmark] batch 90/450 examples=2880/14395
[benchmark] batch 135/450 examples=4320/14395
[benchmark] batch 180/450 examples=5760/14395
[benchmark] batch 225/450 examples=7200/14395
[benchmark] batch 270/450 examples=8640/14395
[benchmark] batch 315/450 examples=10080/14395
[benchmark] batch 360/450 examples=11520/14395
[benchmark] batch 405/450 examples=12960/14395
[benchmark] batch 450/450 examples=14395/14395
[benchmark] done f1=0.7157 precision=0.7530 recall=0.6819 n_positives=8875
  SCORE epoch distilbert_base seed=42 ep=9
[benchmark] building BioRED test examples...
[benchmark] built 14395 test examples (leaked PMIDs excluded)
[benchmark] evaluating /lus/lfs1aip2/projects/b5ac/project_1/data/10_recipe_sweep_and_training/matrix/checkpoints/distilbert_base/seed_42/epochs/epoch_09 on 14395 BioRED test examples
[benchmark] batch 1/450 examples=32/14395
[benchmark] batch 45/450 examples=1440/14395
[benchmark] batch 90/450 examples=2880/14395
[benchmark] batch 135/450 examples=4320/14395
[benchmark] batch 180/450 examples=5760/14395
[benchmark] batch 225/450 examples=7200/14395
[benchmark] batch 270/450 examples=8640/14395
[benchmark] batch 315/450 examples=10080/14395
[benchmark] batch 360/450 examples=11520/14395
[benchmark] batch 405/450 examples=12960/14395
[benchmark] batch 450/450 examples=14395/14395
[benchmark] done f1=0.6988 precision=0.7890 recall=0.6270 n_positives=8875
  SCORE epoch distilbert_base seed=42 ep=10
[benchmark] building BioRED test examples...
[benchmark] built 14395 test examples (leaked PMIDs excluded)
[benchmark] evaluating /lus/lfs1aip2/projects/b5ac/project_1/data/10_recipe_sweep_and_training/matrix/checkpoints/distilbert_base/seed_42/epochs/epoch_10 on 14395 BioRED test examples
[benchmark] batch 1/450 examples=32/14395
[benchmark] batch 45/450 examples=1440/14395
[benchmark] batch 90/450 examples=2880/14395
[benchmark] batch 135/450 examples=4320/14395
[benchmark] batch 180/450 examples=5760/14395
[benchmark] batch 225/450 examples=7200/14395
[benchmark] batch 270/450 examples=8640/14395
[benchmark] batch 315/450 examples=10080/14395
[benchmark] batch 360/450 examples=11520/14395
[benchmark] batch 405/450 examples=12960/14395
[benchmark] batch 450/450 examples=14395/14395
[benchmark] done f1=0.7168 precision=0.7447 recall=0.6909 n_positives=8875
  SCORE epoch distilbert_base seed=43 ep=1
[benchmark] building BioRED test examples...
[benchmark] built 14395 test examples (leaked PMIDs excluded)
[benchmark] evaluating /lus/lfs1aip2/projects/b5ac/project_1/data/10_recipe_sweep_and_training/matrix/checkpoints/distilbert_base/seed_43/epochs/epoch_01 on 14395 BioRED test examples
[benchmark] batch 1/450 examples=32/14395
[benchmark] batch 45/450 examples=1440/14395
[benchmark] batch 90/450 examples=2880/14395
[benchmark] batch 135/450 examples=4320/14395
[benchmark] batch 180/450 examples=5760/14395
[benchmark] batch 225/450 examples=7200/14395
[benchmark] batch 270/450 examples=8640/14395
[benchmark] batch 315/450 examples=10080/14395
[benchmark] batch 360/450 examples=11520/14395
[benchmark] batch 405/450 examples=12960/14395
[benchmark] batch 450/450 examples=14395/14395
[benchmark] done f1=0.6997 precision=0.7109 recall=0.6889 n_positives=8875
  SCORE epoch distilbert_base seed=43 ep=2
[benchmark] building BioRED test examples...
[benchmark] built 14395 test examples (leaked PMIDs excluded)
[benchmark] evaluating /lus/lfs1aip2/projects/b5ac/project_1/data/10_recipe_sweep_and_training/matrix/checkpoints/distilbert_base/seed_43/epochs/epoch_02 on 14395 BioRED test examples
[benchmark] batch 1/450 examples=32/14395
[benchmark] batch 45/450 examples=1440/14395
[benchmark] batch 90/450 examples=2880/14395
[benchmark] batch 135/450 examples=4320/14395
[benchmark] batch 180/450 examples=5760/14395
[benchmark] batch 225/450 examples=7200/14395
[benchmark] batch 270/450 examples=8640/14395
[benchmark] batch 315/450 examples=10080/14395
[benchmark] batch 360/450 examples=11520/14395
[benchmark] batch 405/450 examples=12960/14395
[benchmark] batch 450/450 examples=14395/14395
[benchmark] done f1=0.6607 precision=0.7384 recall=0.5979 n_positives=8875
  SCORE epoch distilbert_base seed=43 ep=3
[benchmark] building BioRED test examples...
[benchmark] built 14395 test examples (leaked PMIDs excluded)
[benchmark] evaluating /lus/lfs1aip2/projects/b5ac/project_1/data/10_recipe_sweep_and_training/matrix/checkpoints/distilbert_base/seed_43/epochs/epoch_03 on 14395 BioRED test examples
[benchmark] batch 1/450 examples=32/14395
[benchmark] batch 45/450 examples=1440/14395
[benchmark] batch 90/450 examples=2880/14395
[benchmark] batch 135/450 examples=4320/14395
[benchmark] batch 180/450 examples=5760/14395
[benchmark] batch 225/450 examples=7200/14395
[benchmark] batch 270/450 examples=8640/14395
[benchmark] batch 315/450 examples=10080/14395
[benchmark] batch 360/450 examples=11520/14395
[benchmark] batch 405/450 examples=12960/14395
[benchmark] batch 450/450 examples=14395/14395
[benchmark] done f1=0.7177 precision=0.7322 recall=0.7037 n_positives=8875
  SCORE epoch distilbert_base seed=43 ep=4
[benchmark] building BioRED test examples...
[benchmark] built 14395 test examples (leaked PMIDs excluded)
[benchmark] evaluating /lus/lfs1aip2/projects/b5ac/project_1/data/10_recipe_sweep_and_training/matrix/checkpoints/distilbert_base/seed_43/epochs/epoch_04 on 14395 BioRED test examples
[benchmark] batch 1/450 examples=32/14395
[benchmark] batch 45/450 examples=1440/14395
[benchmark] batch 90/450 examples=2880/14395
[benchmark] batch 135/450 examples=4320/14395
[benchmark] batch 180/450 examples=5760/14395
[benchmark] batch 225/450 examples=7200/14395
[benchmark] batch 270/450 examples=8640/14395
[benchmark] batch 315/450 examples=10080/14395
[benchmark] batch 360/450 examples=11520/14395
[benchmark] batch 405/450 examples=12960/14395
[benchmark] batch 450/450 examples=14395/14395
[benchmark] done f1=0.7254 precision=0.7367 recall=0.7145 n_positives=8875
  SCORE epoch distilbert_base seed=43 ep=5
[benchmark] building BioRED test examples...
[benchmark] built 14395 test examples (leaked PMIDs excluded)
[benchmark] evaluating /lus/lfs1aip2/projects/b5ac/project_1/data/10_recipe_sweep_and_training/matrix/checkpoints/distilbert_base/seed_43/epochs/epoch_05 on 14395 BioRED test examples
[benchmark] batch 1/450 examples=32/14395
[benchmark] batch 45/450 examples=1440/14395
[benchmark] batch 90/450 examples=2880/14395
[benchmark] batch 135/450 examples=4320/14395
[benchmark] batch 180/450 examples=5760/14395
[benchmark] batch 225/450 examples=7200/14395
[benchmark] batch 270/450 examples=8640/14395
[benchmark] batch 315/450 examples=10080/14395
[benchmark] batch 360/450 examples=11520/14395
[benchmark] batch 405/450 examples=12960/14395
[benchmark] batch 450/450 examples=14395/14395
[benchmark] done f1=0.6450 precision=0.7607 recall=0.5599 n_positives=8875
  SCORE epoch distilbert_base seed=43 ep=6
[benchmark] building BioRED test examples...
[benchmark] built 14395 test examples (leaked PMIDs excluded)
[benchmark] evaluating /lus/lfs1aip2/projects/b5ac/project_1/data/10_recipe_sweep_and_training/matrix/checkpoints/distilbert_base/seed_43/epochs/epoch_06 on 14395 BioRED test examples
[benchmark] batch 1/450 examples=32/14395
[benchmark] batch 45/450 examples=1440/14395
[benchmark] batch 90/450 examples=2880/14395
[benchmark] batch 135/450 examples=4320/14395
[benchmark] batch 180/450 examples=5760/14395
[benchmark] batch 225/450 examples=7200/14395
[benchmark] batch 270/450 examples=8640/14395
[benchmark] batch 315/450 examples=10080/14395
[benchmark] batch 360/450 examples=11520/14395
[benchmark] batch 405/450 examples=12960/14395
[benchmark] batch 450/450 examples=14395/14395
[benchmark] done f1=0.7498 precision=0.7225 recall=0.7792 n_positives=8875
  SCORE epoch distilbert_base seed=43 ep=7
[benchmark] building BioRED test examples...
[benchmark] built 14395 test examples (leaked PMIDs excluded)
[benchmark] evaluating /lus/lfs1aip2/projects/b5ac/project_1/data/10_recipe_sweep_and_training/matrix/checkpoints/distilbert_base/seed_43/epochs/epoch_07 on 14395 BioRED test examples
[benchmark] batch 1/450 examples=32/14395
[benchmark] batch 45/450 examples=1440/14395
[benchmark] batch 90/450 examples=2880/14395
[benchmark] batch 135/450 examples=4320/14395
[benchmark] batch 180/450 examples=5760/14395
[benchmark] batch 225/450 examples=7200/14395
[benchmark] batch 270/450 examples=8640/14395
[benchmark] batch 315/450 examples=10080/14395
[benchmark] batch 360/450 examples=11520/14395
[benchmark] batch 405/450 examples=12960/14395
[benchmark] batch 450/450 examples=14395/14395
[benchmark] done f1=0.7422 precision=0.7606 recall=0.7247 n_positives=8875
  SCORE epoch distilbert_base seed=43 ep=8
[benchmark] building BioRED test examples...
[benchmark] built 14395 test examples (leaked PMIDs excluded)
[benchmark] evaluating /lus/lfs1aip2/projects/b5ac/project_1/data/10_recipe_sweep_and_training/matrix/checkpoints/distilbert_base/seed_43/epochs/epoch_08 on 14395 BioRED test examples
[benchmark] batch 1/450 examples=32/14395
[benchmark] batch 45/450 examples=1440/14395
[benchmark] batch 90/450 examples=2880/14395
[benchmark] batch 135/450 examples=4320/14395
[benchmark] batch 180/450 examples=5760/14395
[benchmark] batch 225/450 examples=7200/14395
[benchmark] batch 270/450 examples=8640/14395
[benchmark] batch 315/450 examples=10080/14395
[benchmark] batch 360/450 examples=11520/14395
[benchmark] batch 405/450 examples=12960/14395
[benchmark] batch 450/450 examples=14395/14395
[benchmark] done f1=0.7198 precision=0.7534 recall=0.6890 n_positives=8875
  SCORE epoch distilbert_base seed=43 ep=9
[benchmark] building BioRED test examples...
[benchmark] built 14395 test examples (leaked PMIDs excluded)
[benchmark] evaluating /lus/lfs1aip2/projects/b5ac/project_1/data/10_recipe_sweep_and_training/matrix/checkpoints/distilbert_base/seed_43/epochs/epoch_09 on 14395 BioRED test examples
[benchmark] batch 1/450 examples=32/14395
[benchmark] batch 45/450 examples=1440/14395
[benchmark] batch 90/450 examples=2880/14395
[benchmark] batch 135/450 examples=4320/14395
[benchmark] batch 180/450 examples=5760/14395
[benchmark] batch 225/450 examples=7200/14395
[benchmark] batch 270/450 examples=8640/14395
[benchmark] batch 315/450 examples=10080/14395
[benchmark] batch 360/450 examples=11520/14395
[benchmark] batch 405/450 examples=12960/14395
[benchmark] batch 450/450 examples=14395/14395
[benchmark] done f1=0.7345 precision=0.7511 recall=0.7186 n_positives=8875
  SCORE epoch distilbert_base seed=44 ep=1
[benchmark] building BioRED test examples...
[benchmark] built 14395 test examples (leaked PMIDs excluded)
[benchmark] evaluating /lus/lfs1aip2/projects/b5ac/project_1/data/10_recipe_sweep_and_training/matrix/checkpoints/distilbert_base/seed_44/epochs/epoch_01 on 14395 BioRED test examples
[benchmark] batch 1/450 examples=32/14395
[benchmark] batch 45/450 examples=1440/14395
[benchmark] batch 90/450 examples=2880/14395
[benchmark] batch 135/450 examples=4320/14395
[benchmark] batch 180/450 examples=5760/14395
[benchmark] batch 225/450 examples=7200/14395
[benchmark] batch 270/450 examples=8640/14395
[benchmark] batch 315/450 examples=10080/14395
[benchmark] batch 360/450 examples=11520/14395
[benchmark] batch 405/450 examples=12960/14395
[benchmark] batch 450/450 examples=14395/14395
[benchmark] done f1=0.7321 precision=0.7901 recall=0.6820 n_positives=8875
  SCORE epoch distilbert_base seed=44 ep=2
[benchmark] building BioRED test examples...
[benchmark] built 14395 test examples (leaked PMIDs excluded)
[benchmark] evaluating /lus/lfs1aip2/projects/b5ac/project_1/data/10_recipe_sweep_and_training/matrix/checkpoints/distilbert_base/seed_44/epochs/epoch_02 on 14395 BioRED test examples
[benchmark] batch 1/450 examples=32/14395
[benchmark] batch 45/450 examples=1440/14395
[benchmark] batch 90/450 examples=2880/14395
[benchmark] batch 135/450 examples=4320/14395
[benchmark] batch 180/450 examples=5760/14395
[benchmark] batch 225/450 examples=7200/14395
[benchmark] batch 270/450 examples=8640/14395
[benchmark] batch 315/450 examples=10080/14395
[benchmark] batch 360/450 examples=11520/14395
[benchmark] batch 405/450 examples=12960/14395
[benchmark] batch 450/450 examples=14395/14395
[benchmark] done f1=0.6835 precision=0.8260 recall=0.5830 n_positives=8875
  SCORE epoch distilbert_base seed=44 ep=3
[benchmark] building BioRED test examples...
[benchmark] built 14395 test examples (leaked PMIDs excluded)
[benchmark] evaluating /lus/lfs1aip2/projects/b5ac/project_1/data/10_recipe_sweep_and_training/matrix/checkpoints/distilbert_base/seed_44/epochs/epoch_03 on 14395 BioRED test examples
[benchmark] batch 1/450 examples=32/14395
[benchmark] batch 45/450 examples=1440/14395
[benchmark] batch 90/450 examples=2880/14395
[benchmark] batch 135/450 examples=4320/14395
[benchmark] batch 180/450 examples=5760/14395
[benchmark] batch 225/450 examples=7200/14395
[benchmark] batch 270/450 examples=8640/14395
[benchmark] batch 315/450 examples=10080/14395
[benchmark] batch 360/450 examples=11520/14395
[benchmark] batch 405/450 examples=12960/14395
[benchmark] batch 450/450 examples=14395/14395
[benchmark] done f1=0.7398 precision=0.7731 recall=0.7093 n_positives=8875
  SCORE epoch distilbert_base seed=44 ep=4
[benchmark] building BioRED test examples...
[benchmark] built 14395 test examples (leaked PMIDs excluded)
[benchmark] evaluating /lus/lfs1aip2/projects/b5ac/project_1/data/10_recipe_sweep_and_training/matrix/checkpoints/distilbert_base/seed_44/epochs/epoch_04 on 14395 BioRED test examples
[benchmark] batch 1/450 examples=32/14395
[benchmark] batch 45/450 examples=1440/14395
[benchmark] batch 90/450 examples=2880/14395
[benchmark] batch 135/450 examples=4320/14395
[benchmark] batch 180/450 examples=5760/14395
[benchmark] batch 225/450 examples=7200/14395
[benchmark] batch 270/450 examples=8640/14395
[benchmark] batch 315/450 examples=10080/14395
[benchmark] batch 360/450 examples=11520/14395
[benchmark] batch 405/450 examples=12960/14395
[benchmark] batch 450/450 examples=14395/14395
[benchmark] done f1=0.6959 precision=0.7868 recall=0.6238 n_positives=8875
  SCORE epoch distilbert_base seed=44 ep=5
[benchmark] building BioRED test examples...
[benchmark] built 14395 test examples (leaked PMIDs excluded)
[benchmark] evaluating /lus/lfs1aip2/projects/b5ac/project_1/data/10_recipe_sweep_and_training/matrix/checkpoints/distilbert_base/seed_44/epochs/epoch_05 on 14395 BioRED test examples
[benchmark] batch 1/450 examples=32/14395
[benchmark] batch 45/450 examples=1440/14395
[benchmark] batch 90/450 examples=2880/14395
[benchmark] batch 135/450 examples=4320/14395
[benchmark] batch 180/450 examples=5760/14395
[benchmark] batch 225/450 examples=7200/14395
[benchmark] batch 270/450 examples=8640/14395
[benchmark] batch 315/450 examples=10080/14395
[benchmark] batch 360/450 examples=11520/14395
[benchmark] batch 405/450 examples=12960/14395
[benchmark] batch 450/450 examples=14395/14395
[benchmark] done f1=0.6854 precision=0.7984 recall=0.6005 n_positives=8875
  SCORE epoch distilbert_base seed=44 ep=6
[benchmark] building BioRED test examples...
[benchmark] built 14395 test examples (leaked PMIDs excluded)
[benchmark] evaluating /lus/lfs1aip2/projects/b5ac/project_1/data/10_recipe_sweep_and_training/matrix/checkpoints/distilbert_base/seed_44/epochs/epoch_06 on 14395 BioRED test examples
[benchmark] batch 1/450 examples=32/14395
[benchmark] batch 45/450 examples=1440/14395
[benchmark] batch 90/450 examples=2880/14395
[benchmark] batch 135/450 examples=4320/14395
[benchmark] batch 180/450 examples=5760/14395
[benchmark] batch 225/450 examples=7200/14395
[benchmark] batch 270/450 examples=8640/14395
[benchmark] batch 315/450 examples=10080/14395
[benchmark] batch 360/450 examples=11520/14395
[benchmark] batch 405/450 examples=12960/14395
[benchmark] batch 450/450 examples=14395/14395
[benchmark] done f1=0.7152 precision=0.7815 recall=0.6593 n_positives=8875
  SCORE epoch distilbert_base seed=45 ep=1
[benchmark] building BioRED test examples...
[benchmark] built 14395 test examples (leaked PMIDs excluded)
[benchmark] evaluating /lus/lfs1aip2/projects/b5ac/project_1/data/10_recipe_sweep_and_training/matrix/checkpoints/distilbert_base/seed_45/epochs/epoch_01 on 14395 BioRED test examples
[benchmark] batch 1/450 examples=32/14395
[benchmark] batch 45/450 examples=1440/14395
[benchmark] batch 90/450 examples=2880/14395
[benchmark] batch 135/450 examples=4320/14395
[benchmark] batch 180/450 examples=5760/14395
[benchmark] batch 225/450 examples=7200/14395
[benchmark] batch 270/450 examples=8640/14395
[benchmark] batch 315/450 examples=10080/14395
[benchmark] batch 360/450 examples=11520/14395
[benchmark] batch 405/450 examples=12960/14395
[benchmark] batch 450/450 examples=14395/14395
[benchmark] done f1=0.7468 precision=0.6827 recall=0.8243 n_positives=8875
  SCORE epoch distilbert_base seed=45 ep=2
[benchmark] building BioRED test examples...
[benchmark] built 14395 test examples (leaked PMIDs excluded)
[benchmark] evaluating /lus/lfs1aip2/projects/b5ac/project_1/data/10_recipe_sweep_and_training/matrix/checkpoints/distilbert_base/seed_45/epochs/epoch_02 on 14395 BioRED test examples
[benchmark] batch 1/450 examples=32/14395
[benchmark] batch 45/450 examples=1440/14395
[benchmark] batch 90/450 examples=2880/14395
[benchmark] batch 135/450 examples=4320/14395
[benchmark] batch 180/450 examples=5760/14395
[benchmark] batch 225/450 examples=7200/14395
[benchmark] batch 270/450 examples=8640/14395
[benchmark] batch 315/450 examples=10080/14395
[benchmark] batch 360/450 examples=11520/14395
[benchmark] batch 405/450 examples=12960/14395
[benchmark] batch 450/450 examples=14395/14395
[benchmark] done f1=0.7281 precision=0.7304 recall=0.7259 n_positives=8875
  SCORE epoch distilbert_base seed=45 ep=3
[benchmark] building BioRED test examples...
[benchmark] built 14395 test examples (leaked PMIDs excluded)
[benchmark] evaluating /lus/lfs1aip2/projects/b5ac/project_1/data/10_recipe_sweep_and_training/matrix/checkpoints/distilbert_base/seed_45/epochs/epoch_03 on 14395 BioRED test examples
[benchmark] batch 1/450 examples=32/14395
[benchmark] batch 45/450 examples=1440/14395
[benchmark] batch 90/450 examples=2880/14395
[benchmark] batch 135/450 examples=4320/14395
[benchmark] batch 180/450 examples=5760/14395
[benchmark] batch 225/450 examples=7200/14395
[benchmark] batch 270/450 examples=8640/14395
[benchmark] batch 315/450 examples=10080/14395
[benchmark] batch 360/450 examples=11520/14395
[benchmark] batch 405/450 examples=12960/14395
[benchmark] batch 450/450 examples=14395/14395
[benchmark] done f1=0.6580 precision=0.7523 recall=0.5848 n_positives=8875
  SCORE epoch distilbert_base seed=45 ep=4
[benchmark] building BioRED test examples...
[benchmark] built 14395 test examples (leaked PMIDs excluded)
[benchmark] evaluating /lus/lfs1aip2/projects/b5ac/project_1/data/10_recipe_sweep_and_training/matrix/checkpoints/distilbert_base/seed_45/epochs/epoch_04 on 14395 BioRED test examples
[benchmark] batch 1/450 examples=32/14395
[benchmark] batch 45/450 examples=1440/14395
[benchmark] batch 90/450 examples=2880/14395
[benchmark] batch 135/450 examples=4320/14395
[benchmark] batch 180/450 examples=5760/14395
[benchmark] batch 225/450 examples=7200/14395
[benchmark] batch 270/450 examples=8640/14395
[benchmark] batch 315/450 examples=10080/14395
[benchmark] batch 360/450 examples=11520/14395
[benchmark] batch 405/450 examples=12960/14395
[benchmark] batch 450/450 examples=14395/14395
[benchmark] done f1=0.6821 precision=0.7723 recall=0.6107 n_positives=8875
  SCORE epoch distilbert_base seed=46 ep=1
[benchmark] building BioRED test examples...
[benchmark] built 14395 test examples (leaked PMIDs excluded)
[benchmark] evaluating /lus/lfs1aip2/projects/b5ac/project_1/data/10_recipe_sweep_and_training/matrix/checkpoints/distilbert_base/seed_46/epochs/epoch_01 on 14395 BioRED test examples
[benchmark] batch 1/450 examples=32/14395
[benchmark] batch 45/450 examples=1440/14395
[benchmark] batch 90/450 examples=2880/14395
[benchmark] batch 135/450 examples=4320/14395
[benchmark] batch 180/450 examples=5760/14395
[benchmark] batch 225/450 examples=7200/14395
[benchmark] batch 270/450 examples=8640/14395
[benchmark] batch 315/450 examples=10080/14395
[benchmark] batch 360/450 examples=11520/14395
[benchmark] batch 405/450 examples=12960/14395
[benchmark] batch 450/450 examples=14395/14395
[benchmark] done f1=0.7577 precision=0.7279 recall=0.7901 n_positives=8875
  SCORE epoch distilbert_base seed=46 ep=2
[benchmark] building BioRED test examples...
[benchmark] built 14395 test examples (leaked PMIDs excluded)
[benchmark] evaluating /lus/lfs1aip2/projects/b5ac/project_1/data/10_recipe_sweep_and_training/matrix/checkpoints/distilbert_base/seed_46/epochs/epoch_02 on 14395 BioRED test examples
[benchmark] batch 1/450 examples=32/14395
[benchmark] batch 45/450 examples=1440/14395
[benchmark] batch 90/450 examples=2880/14395
[benchmark] batch 135/450 examples=4320/14395
[benchmark] batch 180/450 examples=5760/14395
[benchmark] batch 225/450 examples=7200/14395
[benchmark] batch 270/450 examples=8640/14395
[benchmark] batch 315/450 examples=10080/14395
[benchmark] batch 360/450 examples=11520/14395
[benchmark] batch 405/450 examples=12960/14395
[benchmark] batch 450/450 examples=14395/14395
[benchmark] done f1=0.6263 precision=0.8070 recall=0.5117 n_positives=8875
  SCORE epoch distilbert_base seed=46 ep=3
[benchmark] building BioRED test examples...
[benchmark] built 14395 test examples (leaked PMIDs excluded)
[benchmark] evaluating /lus/lfs1aip2/projects/b5ac/project_1/data/10_recipe_sweep_and_training/matrix/checkpoints/distilbert_base/seed_46/epochs/epoch_03 on 14395 BioRED test examples
[benchmark] batch 1/450 examples=32/14395
[benchmark] batch 45/450 examples=1440/14395
[benchmark] batch 90/450 examples=2880/14395
[benchmark] batch 135/450 examples=4320/14395
[benchmark] batch 180/450 examples=5760/14395
[benchmark] batch 225/450 examples=7200/14395
[benchmark] batch 270/450 examples=8640/14395
[benchmark] batch 315/450 examples=10080/14395
[benchmark] batch 360/450 examples=11520/14395
[benchmark] batch 405/450 examples=12960/14395
[benchmark] batch 450/450 examples=14395/14395
[benchmark] done f1=0.7090 precision=0.7505 recall=0.6719 n_positives=8875
  SCORE epoch distilbert_base seed=46 ep=4
[benchmark] building BioRED test examples...
[benchmark] built 14395 test examples (leaked PMIDs excluded)
[benchmark] evaluating /lus/lfs1aip2/projects/b5ac/project_1/data/10_recipe_sweep_and_training/matrix/checkpoints/distilbert_base/seed_46/epochs/epoch_04 on 14395 BioRED test examples
[benchmark] batch 1/450 examples=32/14395
[benchmark] batch 45/450 examples=1440/14395
[benchmark] batch 90/450 examples=2880/14395
[benchmark] batch 135/450 examples=4320/14395
[benchmark] batch 180/450 examples=5760/14395
[benchmark] batch 225/450 examples=7200/14395
[benchmark] batch 270/450 examples=8640/14395
[benchmark] batch 315/450 examples=10080/14395
[benchmark] batch 360/450 examples=11520/14395
[benchmark] batch 405/450 examples=12960/14395
[benchmark] batch 450/450 examples=14395/14395
[benchmark] done f1=0.7380 precision=0.7773 recall=0.7025 n_positives=8875
  SCORE epoch distilbert_base seed=47 ep=1
[benchmark] building BioRED test examples...
[benchmark] built 14395 test examples (leaked PMIDs excluded)
[benchmark] evaluating /lus/lfs1aip2/projects/b5ac/project_1/data/10_recipe_sweep_and_training/matrix/checkpoints/distilbert_base/seed_47/epochs/epoch_01 on 14395 BioRED test examples
[benchmark] batch 1/450 examples=32/14395
[benchmark] batch 45/450 examples=1440/14395
[benchmark] batch 90/450 examples=2880/14395
[benchmark] batch 135/450 examples=4320/14395
[benchmark] batch 180/450 examples=5760/14395
[benchmark] batch 225/450 examples=7200/14395
[benchmark] batch 270/450 examples=8640/14395
[benchmark] batch 315/450 examples=10080/14395
[benchmark] batch 360/450 examples=11520/14395
[benchmark] batch 405/450 examples=12960/14395
[benchmark] batch 450/450 examples=14395/14395
[benchmark] done f1=0.6247 precision=0.7318 recall=0.5450 n_positives=8875
  SCORE epoch distilbert_base seed=47 ep=2
[benchmark] building BioRED test examples...
[benchmark] built 14395 test examples (leaked PMIDs excluded)
[benchmark] evaluating /lus/lfs1aip2/projects/b5ac/project_1/data/10_recipe_sweep_and_training/matrix/checkpoints/distilbert_base/seed_47/epochs/epoch_02 on 14395 BioRED test examples
[benchmark] batch 1/450 examples=32/14395
[benchmark] batch 45/450 examples=1440/14395
[benchmark] batch 90/450 examples=2880/14395
[benchmark] batch 135/450 examples=4320/14395
[benchmark] batch 180/450 examples=5760/14395
[benchmark] batch 225/450 examples=7200/14395
[benchmark] batch 270/450 examples=8640/14395
[benchmark] batch 315/450 examples=10080/14395
[benchmark] batch 360/450 examples=11520/14395
[benchmark] batch 405/450 examples=12960/14395
[benchmark] batch 450/450 examples=14395/14395
[benchmark] done f1=0.6982 precision=0.7206 recall=0.6771 n_positives=8875
  SCORE epoch distilbert_base seed=47 ep=3
[benchmark] building BioRED test examples...
[benchmark] built 14395 test examples (leaked PMIDs excluded)
[benchmark] evaluating /lus/lfs1aip2/projects/b5ac/project_1/data/10_recipe_sweep_and_training/matrix/checkpoints/distilbert_base/seed_47/epochs/epoch_03 on 14395 BioRED test examples
[benchmark] batch 1/450 examples=32/14395
[benchmark] batch 45/450 examples=1440/14395
[benchmark] batch 90/450 examples=2880/14395
[benchmark] batch 135/450 examples=4320/14395
[benchmark] batch 180/450 examples=5760/14395
[benchmark] batch 225/450 examples=7200/14395
[benchmark] batch 270/450 examples=8640/14395
[benchmark] batch 315/450 examples=10080/14395
[benchmark] batch 360/450 examples=11520/14395
[benchmark] batch 405/450 examples=12960/14395
[benchmark] batch 450/450 examples=14395/14395
[benchmark] done f1=0.6949 precision=0.7300 recall=0.6630 n_positives=8875
  SCORE epoch distilbert_base seed=47 ep=4
[benchmark] building BioRED test examples...
[benchmark] built 14395 test examples (leaked PMIDs excluded)
[benchmark] evaluating /lus/lfs1aip2/projects/b5ac/project_1/data/10_recipe_sweep_and_training/matrix/checkpoints/distilbert_base/seed_47/epochs/epoch_04 on 14395 BioRED test examples
[benchmark] batch 1/450 examples=32/14395
[benchmark] batch 45/450 examples=1440/14395
[benchmark] batch 90/450 examples=2880/14395
[benchmark] batch 135/450 examples=4320/14395
[benchmark] batch 180/450 examples=5760/14395
[benchmark] batch 225/450 examples=7200/14395
[benchmark] batch 270/450 examples=8640/14395
[benchmark] batch 315/450 examples=10080/14395
[benchmark] batch 360/450 examples=11520/14395
[benchmark] batch 405/450 examples=12960/14395
[benchmark] batch 450/450 examples=14395/14395
[benchmark] done f1=0.6735 precision=0.7649 recall=0.6016 n_positives=8875
  SCORE epoch distilbert_base seed=47 ep=5
[benchmark] building BioRED test examples...
[benchmark] built 14395 test examples (leaked PMIDs excluded)
[benchmark] evaluating /lus/lfs1aip2/projects/b5ac/project_1/data/10_recipe_sweep_and_training/matrix/checkpoints/distilbert_base/seed_47/epochs/epoch_05 on 14395 BioRED test examples
[benchmark] batch 1/450 examples=32/14395
[benchmark] batch 45/450 examples=1440/14395
[benchmark] batch 90/450 examples=2880/14395
[benchmark] batch 135/450 examples=4320/14395
[benchmark] batch 180/450 examples=5760/14395
[benchmark] batch 225/450 examples=7200/14395
[benchmark] batch 270/450 examples=8640/14395
[benchmark] batch 315/450 examples=10080/14395
[benchmark] batch 360/450 examples=11520/14395
[benchmark] batch 405/450 examples=12960/14395
[benchmark] batch 450/450 examples=14395/14395
[benchmark] done f1=0.7002 precision=0.7465 recall=0.6593 n_positives=8875
  SCORE epoch distilbert_base seed=47 ep=6
[benchmark] building BioRED test examples...
[benchmark] built 14395 test examples (leaked PMIDs excluded)
[benchmark] evaluating /lus/lfs1aip2/projects/b5ac/project_1/data/10_recipe_sweep_and_training/matrix/checkpoints/distilbert_base/seed_47/epochs/epoch_06 on 14395 BioRED test examples
[benchmark] batch 1/450 examples=32/14395
[benchmark] batch 45/450 examples=1440/14395
[benchmark] batch 90/450 examples=2880/14395
[benchmark] batch 135/450 examples=4320/14395
[benchmark] batch 180/450 examples=5760/14395
[benchmark] batch 225/450 examples=7200/14395
[benchmark] batch 270/450 examples=8640/14395
[benchmark] batch 315/450 examples=10080/14395
[benchmark] batch 360/450 examples=11520/14395
[benchmark] batch 405/450 examples=12960/14395
[benchmark] batch 450/450 examples=14395/14395
[benchmark] done f1=0.7344 precision=0.7329 recall=0.7360 n_positives=8875
  SCORE epoch distilbert_base seed=47 ep=7
[benchmark] building BioRED test examples...
[benchmark] built 14395 test examples (leaked PMIDs excluded)
[benchmark] evaluating /lus/lfs1aip2/projects/b5ac/project_1/data/10_recipe_sweep_and_training/matrix/checkpoints/distilbert_base/seed_47/epochs/epoch_07 on 14395 BioRED test examples
[benchmark] batch 1/450 examples=32/14395
[benchmark] batch 45/450 examples=1440/14395
[benchmark] batch 90/450 examples=2880/14395
[benchmark] batch 135/450 examples=4320/14395
[benchmark] batch 180/450 examples=5760/14395
[benchmark] batch 225/450 examples=7200/14395
[benchmark] batch 270/450 examples=8640/14395
[benchmark] batch 315/450 examples=10080/14395
[benchmark] batch 360/450 examples=11520/14395
[benchmark] batch 405/450 examples=12960/14395
[benchmark] batch 450/450 examples=14395/14395
[benchmark] done f1=0.6884 precision=0.7502 recall=0.6361 n_positives=8875
  SCORE epoch distilbert_base seed=47 ep=8
[benchmark] building BioRED test examples...
[benchmark] built 14395 test examples (leaked PMIDs excluded)
[benchmark] evaluating /lus/lfs1aip2/projects/b5ac/project_1/data/10_recipe_sweep_and_training/matrix/checkpoints/distilbert_base/seed_47/epochs/epoch_08 on 14395 BioRED test examples
[benchmark] batch 1/450 examples=32/14395
[benchmark] batch 45/450 examples=1440/14395
[benchmark] batch 90/450 examples=2880/14395
[benchmark] batch 135/450 examples=4320/14395
[benchmark] batch 180/450 examples=5760/14395
[benchmark] batch 225/450 examples=7200/14395
[benchmark] batch 270/450 examples=8640/14395
[benchmark] batch 315/450 examples=10080/14395
[benchmark] batch 360/450 examples=11520/14395
[benchmark] batch 405/450 examples=12960/14395
[benchmark] batch 450/450 examples=14395/14395
[benchmark] done f1=0.7302 precision=0.7392 recall=0.7215 n_positives=8875
  SCORE epoch distilbert_base seed=47 ep=9
[benchmark] building BioRED test examples...
[benchmark] built 14395 test examples (leaked PMIDs excluded)
[benchmark] evaluating /lus/lfs1aip2/projects/b5ac/project_1/data/10_recipe_sweep_and_training/matrix/checkpoints/distilbert_base/seed_47/epochs/epoch_09 on 14395 BioRED test examples
[benchmark] batch 1/450 examples=32/14395
[benchmark] batch 45/450 examples=1440/14395
[benchmark] batch 90/450 examples=2880/14395
[benchmark] batch 135/450 examples=4320/14395
[benchmark] batch 180/450 examples=5760/14395
[benchmark] batch 225/450 examples=7200/14395
[benchmark] batch 270/450 examples=8640/14395
[benchmark] batch 315/450 examples=10080/14395
[benchmark] batch 360/450 examples=11520/14395
[benchmark] batch 405/450 examples=12960/14395
[benchmark] batch 450/450 examples=14395/14395
[benchmark] done f1=0.7045 precision=0.7385 recall=0.6736 n_positives=8875
  SCORE epoch distilbert_base seed=47 ep=10
[benchmark] building BioRED test examples...
[benchmark] built 14395 test examples (leaked PMIDs excluded)
[benchmark] evaluating /lus/lfs1aip2/projects/b5ac/project_1/data/10_recipe_sweep_and_training/matrix/checkpoints/distilbert_base/seed_47/epochs/epoch_10 on 14395 BioRED test examples
[benchmark] batch 1/450 examples=32/14395
[benchmark] batch 45/450 examples=1440/14395
[benchmark] batch 90/450 examples=2880/14395
[benchmark] batch 135/450 examples=4320/14395
[benchmark] batch 180/450 examples=5760/14395
[benchmark] batch 225/450 examples=7200/14395
[benchmark] batch 270/450 examples=8640/14395
[benchmark] batch 315/450 examples=10080/14395
[benchmark] batch 360/450 examples=11520/14395
[benchmark] batch 405/450 examples=12960/14395
[benchmark] batch 450/450 examples=14395/14395
[benchmark] done f1=0.7533 precision=0.7364 recall=0.7710 n_positives=8875
  SCORE epoch distilbert_base seed=48 ep=1
[benchmark] building BioRED test examples...
[benchmark] built 14395 test examples (leaked PMIDs excluded)
[benchmark] evaluating /lus/lfs1aip2/projects/b5ac/project_1/data/10_recipe_sweep_and_training/matrix/checkpoints/distilbert_base/seed_48/epochs/epoch_01 on 14395 BioRED test examples
[benchmark] batch 1/450 examples=32/14395
[benchmark] batch 45/450 examples=1440/14395
[benchmark] batch 90/450 examples=2880/14395
[benchmark] batch 135/450 examples=4320/14395
[benchmark] batch 180/450 examples=5760/14395
[benchmark] batch 225/450 examples=7200/14395
[benchmark] batch 270/450 examples=8640/14395
[benchmark] batch 315/450 examples=10080/14395
[benchmark] batch 360/450 examples=11520/14395
[benchmark] batch 405/450 examples=12960/14395
[benchmark] batch 450/450 examples=14395/14395
[benchmark] done f1=0.6615 precision=0.7541 recall=0.5892 n_positives=8875
  SCORE epoch distilbert_base seed=48 ep=2
[benchmark] building BioRED test examples...
[benchmark] built 14395 test examples (leaked PMIDs excluded)
[benchmark] evaluating /lus/lfs1aip2/projects/b5ac/project_1/data/10_recipe_sweep_and_training/matrix/checkpoints/distilbert_base/seed_48/epochs/epoch_02 on 14395 BioRED test examples
[benchmark] batch 1/450 examples=32/14395
[benchmark] batch 45/450 examples=1440/14395
[benchmark] batch 90/450 examples=2880/14395
[benchmark] batch 135/450 examples=4320/14395
[benchmark] batch 180/450 examples=5760/14395
[benchmark] batch 225/450 examples=7200/14395
[benchmark] batch 270/450 examples=8640/14395
[benchmark] batch 315/450 examples=10080/14395
[benchmark] batch 360/450 examples=11520/14395
[benchmark] batch 405/450 examples=12960/14395
[benchmark] batch 450/450 examples=14395/14395
[benchmark] done f1=0.6514 precision=0.7902 recall=0.5541 n_positives=8875
  SCORE epoch distilbert_base seed=48 ep=3
[benchmark] building BioRED test examples...
[benchmark] built 14395 test examples (leaked PMIDs excluded)
[benchmark] evaluating /lus/lfs1aip2/projects/b5ac/project_1/data/10_recipe_sweep_and_training/matrix/checkpoints/distilbert_base/seed_48/epochs/epoch_03 on 14395 BioRED test examples
[benchmark] batch 1/450 examples=32/14395
[benchmark] batch 45/450 examples=1440/14395
[benchmark] batch 90/450 examples=2880/14395
[benchmark] batch 135/450 examples=4320/14395
[benchmark] batch 180/450 examples=5760/14395
[benchmark] batch 225/450 examples=7200/14395
[benchmark] batch 270/450 examples=8640/14395
[benchmark] batch 315/450 examples=10080/14395
[benchmark] batch 360/450 examples=11520/14395
[benchmark] batch 405/450 examples=12960/14395
[benchmark] batch 450/450 examples=14395/14395
[benchmark] done f1=0.6820 precision=0.7288 recall=0.6409 n_positives=8875
  SCORE epoch distilbert_base seed=48 ep=4
[benchmark] building BioRED test examples...
[benchmark] built 14395 test examples (leaked PMIDs excluded)
[benchmark] evaluating /lus/lfs1aip2/projects/b5ac/project_1/data/10_recipe_sweep_and_training/matrix/checkpoints/distilbert_base/seed_48/epochs/epoch_04 on 14395 BioRED test examples
[benchmark] batch 1/450 examples=32/14395
[benchmark] batch 45/450 examples=1440/14395
[benchmark] batch 90/450 examples=2880/14395
[benchmark] batch 135/450 examples=4320/14395
[benchmark] batch 180/450 examples=5760/14395
[benchmark] batch 225/450 examples=7200/14395
[benchmark] batch 270/450 examples=8640/14395
[benchmark] batch 315/450 examples=10080/14395
[benchmark] batch 360/450 examples=11520/14395
[benchmark] batch 405/450 examples=12960/14395
[benchmark] batch 450/450 examples=14395/14395
[benchmark] done f1=0.7354 precision=0.7285 recall=0.7424 n_positives=8875
  SCORE epoch distilbert_base seed=48 ep=5
[benchmark] building BioRED test examples...
[benchmark] built 14395 test examples (leaked PMIDs excluded)
[benchmark] evaluating /lus/lfs1aip2/projects/b5ac/project_1/data/10_recipe_sweep_and_training/matrix/checkpoints/distilbert_base/seed_48/epochs/epoch_05 on 14395 BioRED test examples
[benchmark] batch 1/450 examples=32/14395
[benchmark] batch 45/450 examples=1440/14395
[benchmark] batch 90/450 examples=2880/14395
[benchmark] batch 135/450 examples=4320/14395
[benchmark] batch 180/450 examples=5760/14395
[benchmark] batch 225/450 examples=7200/14395
[benchmark] batch 270/450 examples=8640/14395
[benchmark] batch 315/450 examples=10080/14395
[benchmark] batch 360/450 examples=11520/14395
[benchmark] batch 405/450 examples=12960/14395
[benchmark] batch 450/450 examples=14395/14395
[benchmark] done f1=0.7208 precision=0.7517 recall=0.6924 n_positives=8875
  SCORE epoch distilbert_base seed=48 ep=6
[benchmark] building BioRED test examples...
[benchmark] built 14395 test examples (leaked PMIDs excluded)
[benchmark] evaluating /lus/lfs1aip2/projects/b5ac/project_1/data/10_recipe_sweep_and_training/matrix/checkpoints/distilbert_base/seed_48/epochs/epoch_06 on 14395 BioRED test examples
[benchmark] batch 1/450 examples=32/14395
[benchmark] batch 45/450 examples=1440/14395
[benchmark] batch 90/450 examples=2880/14395
[benchmark] batch 135/450 examples=4320/14395
[benchmark] batch 180/450 examples=5760/14395
[benchmark] batch 225/450 examples=7200/14395
[benchmark] batch 270/450 examples=8640/14395
[benchmark] batch 315/450 examples=10080/14395
[benchmark] batch 360/450 examples=11520/14395
[benchmark] batch 405/450 examples=12960/14395
[benchmark] batch 450/450 examples=14395/14395
[benchmark] done f1=0.7083 precision=0.7308 recall=0.6872 n_positives=8875
  SCORE epoch distilbert_base seed=48 ep=7
[benchmark] building BioRED test examples...
[benchmark] built 14395 test examples (leaked PMIDs excluded)
[benchmark] evaluating /lus/lfs1aip2/projects/b5ac/project_1/data/10_recipe_sweep_and_training/matrix/checkpoints/distilbert_base/seed_48/epochs/epoch_07 on 14395 BioRED test examples
[benchmark] batch 1/450 examples=32/14395
[benchmark] batch 45/450 examples=1440/14395
[benchmark] batch 90/450 examples=2880/14395
[benchmark] batch 135/450 examples=4320/14395
[benchmark] batch 180/450 examples=5760/14395
[benchmark] batch 225/450 examples=7200/14395
[benchmark] batch 270/450 examples=8640/14395
[benchmark] batch 315/450 examples=10080/14395
[benchmark] batch 360/450 examples=11520/14395
[benchmark] batch 405/450 examples=12960/14395
[benchmark] batch 450/450 examples=14395/14395
[benchmark] done f1=0.7162 precision=0.7106 recall=0.7218 n_positives=8875
  SCORE epoch distilbert_base seed=48 ep=8
[benchmark] building BioRED test examples...
[benchmark] built 14395 test examples (leaked PMIDs excluded)
[benchmark] evaluating /lus/lfs1aip2/projects/b5ac/project_1/data/10_recipe_sweep_and_training/matrix/checkpoints/distilbert_base/seed_48/epochs/epoch_08 on 14395 BioRED test examples
[benchmark] batch 1/450 examples=32/14395
[benchmark] batch 45/450 examples=1440/14395
[benchmark] batch 90/450 examples=2880/14395
[benchmark] batch 135/450 examples=4320/14395
[benchmark] batch 180/450 examples=5760/14395
[benchmark] batch 225/450 examples=7200/14395
[benchmark] batch 270/450 examples=8640/14395
[benchmark] batch 315/450 examples=10080/14395
[benchmark] batch 360/450 examples=11520/14395
[benchmark] batch 405/450 examples=12960/14395
[benchmark] batch 450/450 examples=14395/14395
[benchmark] done f1=0.6941 precision=0.7322 recall=0.6598 n_positives=8875
  SCORE epoch distilbert_base seed=48 ep=9
[benchmark] building BioRED test examples...
[benchmark] built 14395 test examples (leaked PMIDs excluded)
[benchmark] evaluating /lus/lfs1aip2/projects/b5ac/project_1/data/10_recipe_sweep_and_training/matrix/checkpoints/distilbert_base/seed_48/epochs/epoch_09 on 14395 BioRED test examples
[benchmark] batch 1/450 examples=32/14395
[benchmark] batch 45/450 examples=1440/14395
[benchmark] batch 90/450 examples=2880/14395
[benchmark] batch 135/450 examples=4320/14395
[benchmark] batch 180/450 examples=5760/14395
[benchmark] batch 225/450 examples=7200/14395
[benchmark] batch 270/450 examples=8640/14395
[benchmark] batch 315/450 examples=10080/14395
[benchmark] batch 360/450 examples=11520/14395
[benchmark] batch 405/450 examples=12960/14395
[benchmark] batch 450/450 examples=14395/14395
[benchmark] done f1=0.7124 precision=0.7304 recall=0.6952 n_positives=8875
  SCORE epoch distilbert_base seed=48 ep=10
[benchmark] building BioRED test examples...
[benchmark] built 14395 test examples (leaked PMIDs excluded)
[benchmark] evaluating /lus/lfs1aip2/projects/b5ac/project_1/data/10_recipe_sweep_and_training/matrix/checkpoints/distilbert_base/seed_48/epochs/epoch_10 on 14395 BioRED test examples
[benchmark] batch 1/450 examples=32/14395
[benchmark] batch 45/450 examples=1440/14395
[benchmark] batch 90/450 examples=2880/14395
[benchmark] batch 135/450 examples=4320/14395
[benchmark] batch 180/450 examples=5760/14395
[benchmark] batch 225/450 examples=7200/14395
[benchmark] batch 270/450 examples=8640/14395
[benchmark] batch 315/450 examples=10080/14395
[benchmark] batch 360/450 examples=11520/14395
[benchmark] batch 405/450 examples=12960/14395
[benchmark] batch 450/450 examples=14395/14395
[benchmark] done f1=0.7059 precision=0.7201 recall=0.6923 n_positives=8875
  SCORE epoch distilbert_base seed=49 ep=1
[benchmark] building BioRED test examples...
[benchmark] built 14395 test examples (leaked PMIDs excluded)
[benchmark] evaluating /lus/lfs1aip2/projects/b5ac/project_1/data/10_recipe_sweep_and_training/matrix/checkpoints/distilbert_base/seed_49/epochs/epoch_01 on 14395 BioRED test examples
[benchmark] batch 1/450 examples=32/14395
[benchmark] batch 45/450 examples=1440/14395
[benchmark] batch 90/450 examples=2880/14395
[benchmark] batch 135/450 examples=4320/14395
[benchmark] batch 180/450 examples=5760/14395
[benchmark] batch 225/450 examples=7200/14395
[benchmark] batch 270/450 examples=8640/14395
[benchmark] batch 315/450 examples=10080/14395
[benchmark] batch 360/450 examples=11520/14395
[benchmark] batch 405/450 examples=12960/14395
[benchmark] batch 450/450 examples=14395/14395
[benchmark] done f1=0.6891 precision=0.7400 recall=0.6447 n_positives=8875
  SCORE epoch distilbert_base seed=49 ep=2
[benchmark] building BioRED test examples...
[benchmark] built 14395 test examples (leaked PMIDs excluded)
[benchmark] evaluating /lus/lfs1aip2/projects/b5ac/project_1/data/10_recipe_sweep_and_training/matrix/checkpoints/distilbert_base/seed_49/epochs/epoch_02 on 14395 BioRED test examples
[benchmark] batch 1/450 examples=32/14395
[benchmark] batch 45/450 examples=1440/14395
[benchmark] batch 90/450 examples=2880/14395
[benchmark] batch 135/450 examples=4320/14395
[benchmark] batch 180/450 examples=5760/14395
[benchmark] batch 225/450 examples=7200/14395
[benchmark] batch 270/450 examples=8640/14395
[benchmark] batch 315/450 examples=10080/14395
[benchmark] batch 360/450 examples=11520/14395
[benchmark] batch 405/450 examples=12960/14395
[benchmark] batch 450/450 examples=14395/14395
[benchmark] done f1=0.6131 precision=0.8395 recall=0.4828 n_positives=8875
  SCORE epoch distilbert_base seed=49 ep=3
[benchmark] building BioRED test examples...
[benchmark] built 14395 test examples (leaked PMIDs excluded)
[benchmark] evaluating /lus/lfs1aip2/projects/b5ac/project_1/data/10_recipe_sweep_and_training/matrix/checkpoints/distilbert_base/seed_49/epochs/epoch_03 on 14395 BioRED test examples
[benchmark] batch 1/450 examples=32/14395
[benchmark] batch 45/450 examples=1440/14395
[benchmark] batch 90/450 examples=2880/14395
[benchmark] batch 135/450 examples=4320/14395
[benchmark] batch 180/450 examples=5760/14395
[benchmark] batch 225/450 examples=7200/14395
[benchmark] batch 270/450 examples=8640/14395
[benchmark] batch 315/450 examples=10080/14395
[benchmark] batch 360/450 examples=11520/14395
[benchmark] batch 405/450 examples=12960/14395
[benchmark] batch 450/450 examples=14395/14395
[benchmark] done f1=0.7245 precision=0.7665 recall=0.6869 n_positives=8875
  SCORE epoch distilbert_base seed=49 ep=4
[benchmark] building BioRED test examples...
[benchmark] built 14395 test examples (leaked PMIDs excluded)
[benchmark] evaluating /lus/lfs1aip2/projects/b5ac/project_1/data/10_recipe_sweep_and_training/matrix/checkpoints/distilbert_base/seed_49/epochs/epoch_04 on 14395 BioRED test examples
[benchmark] batch 1/450 examples=32/14395
[benchmark] batch 45/450 examples=1440/14395
[benchmark] batch 90/450 examples=2880/14395
[benchmark] batch 135/450 examples=4320/14395
[benchmark] batch 180/450 examples=5760/14395
[benchmark] batch 225/450 examples=7200/14395
[benchmark] batch 270/450 examples=8640/14395
[benchmark] batch 315/450 examples=10080/14395
[benchmark] batch 360/450 examples=11520/14395
[benchmark] batch 405/450 examples=12960/14395
[benchmark] batch 450/450 examples=14395/14395
[benchmark] done f1=0.6983 precision=0.7848 recall=0.6290 n_positives=8875
  SCORE epoch distilbert_base seed=49 ep=5
[benchmark] building BioRED test examples...
[benchmark] built 14395 test examples (leaked PMIDs excluded)
[benchmark] evaluating /lus/lfs1aip2/projects/b5ac/project_1/data/10_recipe_sweep_and_training/matrix/checkpoints/distilbert_base/seed_49/epochs/epoch_05 on 14395 BioRED test examples
[benchmark] batch 1/450 examples=32/14395
[benchmark] batch 45/450 examples=1440/14395
[benchmark] batch 90/450 examples=2880/14395
[benchmark] batch 135/450 examples=4320/14395
[benchmark] batch 180/450 examples=5760/14395
[benchmark] batch 225/450 examples=7200/14395
[benchmark] batch 270/450 examples=8640/14395
[benchmark] batch 315/450 examples=10080/14395
[benchmark] batch 360/450 examples=11520/14395
[benchmark] batch 405/450 examples=12960/14395
[benchmark] batch 450/450 examples=14395/14395
[benchmark] done f1=0.6953 precision=0.7974 recall=0.6163 n_positives=8875
  SCORE epoch distilbert_base seed=49 ep=6
[benchmark] building BioRED test examples...
[benchmark] built 14395 test examples (leaked PMIDs excluded)
[benchmark] evaluating /lus/lfs1aip2/projects/b5ac/project_1/data/10_recipe_sweep_and_training/matrix/checkpoints/distilbert_base/seed_49/epochs/epoch_06 on 14395 BioRED test examples
[benchmark] batch 1/450 examples=32/14395
[benchmark] batch 45/450 examples=1440/14395
[benchmark] batch 90/450 examples=2880/14395
[benchmark] batch 135/450 examples=4320/14395
[benchmark] batch 180/450 examples=5760/14395
[benchmark] batch 225/450 examples=7200/14395
[benchmark] batch 270/450 examples=8640/14395
[benchmark] batch 315/450 examples=10080/14395
[benchmark] batch 360/450 examples=11520/14395
[benchmark] batch 405/450 examples=12960/14395
[benchmark] batch 450/450 examples=14395/14395
[benchmark] done f1=0.7125 precision=0.7509 recall=0.6777 n_positives=8875
  SCORE epoch distilbert_base seed=49 ep=7
[benchmark] building BioRED test examples...
[benchmark] built 14395 test examples (leaked PMIDs excluded)
[benchmark] evaluating /lus/lfs1aip2/projects/b5ac/project_1/data/10_recipe_sweep_and_training/matrix/checkpoints/distilbert_base/seed_49/epochs/epoch_07 on 14395 BioRED test examples
[benchmark] batch 1/450 examples=32/14395
[benchmark] batch 45/450 examples=1440/14395
[benchmark] batch 90/450 examples=2880/14395
[benchmark] batch 135/450 examples=4320/14395
[benchmark] batch 180/450 examples=5760/14395
[benchmark] batch 225/450 examples=7200/14395
[benchmark] batch 270/450 examples=8640/14395
[benchmark] batch 315/450 examples=10080/14395
[benchmark] batch 360/450 examples=11520/14395
[benchmark] batch 405/450 examples=12960/14395
[benchmark] batch 450/450 examples=14395/14395
[benchmark] done f1=0.7154 precision=0.7190 recall=0.7119 n_positives=8875
  SCORE epoch distilbert_base seed=49 ep=8
[benchmark] building BioRED test examples...
[benchmark] built 14395 test examples (leaked PMIDs excluded)
[benchmark] evaluating /lus/lfs1aip2/projects/b5ac/project_1/data/10_recipe_sweep_and_training/matrix/checkpoints/distilbert_base/seed_49/epochs/epoch_08 on 14395 BioRED test examples
[benchmark] batch 1/450 examples=32/14395
[benchmark] batch 45/450 examples=1440/14395
[benchmark] batch 90/450 examples=2880/14395
[benchmark] batch 135/450 examples=4320/14395
[benchmark] batch 180/450 examples=5760/14395
[benchmark] batch 225/450 examples=7200/14395
[benchmark] batch 270/450 examples=8640/14395
[benchmark] batch 315/450 examples=10080/14395
[benchmark] batch 360/450 examples=11520/14395
[benchmark] batch 405/450 examples=12960/14395
[benchmark] batch 450/450 examples=14395/14395
[benchmark] done f1=0.7166 precision=0.7663 recall=0.6729 n_positives=8875
  SCORE epoch distilbert_base seed=49 ep=9
[benchmark] building BioRED test examples...
[benchmark] built 14395 test examples (leaked PMIDs excluded)
[benchmark] evaluating /lus/lfs1aip2/projects/b5ac/project_1/data/10_recipe_sweep_and_training/matrix/checkpoints/distilbert_base/seed_49/epochs/epoch_09 on 14395 BioRED test examples
[benchmark] batch 1/450 examples=32/14395
[benchmark] batch 45/450 examples=1440/14395
[benchmark] batch 90/450 examples=2880/14395
[benchmark] batch 135/450 examples=4320/14395
[benchmark] batch 180/450 examples=5760/14395
[benchmark] batch 225/450 examples=7200/14395
[benchmark] batch 270/450 examples=8640/14395
[benchmark] batch 315/450 examples=10080/14395
[benchmark] batch 360/450 examples=11520/14395
[benchmark] batch 405/450 examples=12960/14395
[benchmark] batch 450/450 examples=14395/14395
[benchmark] done f1=0.7326 precision=0.7762 recall=0.6936 n_positives=8875
  SCORE epoch distilbert_base seed=49 ep=10
[benchmark] building BioRED test examples...
[benchmark] built 14395 test examples (leaked PMIDs excluded)
[benchmark] evaluating /lus/lfs1aip2/projects/b5ac/project_1/data/10_recipe_sweep_and_training/matrix/checkpoints/distilbert_base/seed_49/epochs/epoch_10 on 14395 BioRED test examples
[benchmark] batch 1/450 examples=32/14395
[benchmark] batch 45/450 examples=1440/14395
[benchmark] batch 90/450 examples=2880/14395
[benchmark] batch 135/450 examples=4320/14395
[benchmark] batch 180/450 examples=5760/14395
[benchmark] batch 225/450 examples=7200/14395
[benchmark] batch 270/450 examples=8640/14395
[benchmark] batch 315/450 examples=10080/14395
[benchmark] batch 360/450 examples=11520/14395
[benchmark] batch 405/450 examples=12960/14395
[benchmark] batch 450/450 examples=14395/14395
[benchmark] done f1=0.7083 precision=0.7663 recall=0.6585 n_positives=8875
  Epoch scoring this run: 187, skipped (cached): 0
Scored epochs on disk: 187/187
End: Mon Jun  8 11:34:01 UTC 2026
{'expected_epoch_checkpoints': 187, 'scored_epochs': 187, 'completed_at': '2026-06-08T11:33:59.666543+00:00', 'complete': True}
