=== Step 1: recipe sweep ===
Host: nid010353
Start: Thu Jun  4 22:10:02 UTC 2026
=== Recipe sweep and training 2026-06-04T22:10:06.587192 ===
[run] mode=sweep-only
[sweep] loading train/val examples...
[sweep] loading BioRED test examples for benchmark...
[benchmark] building BioRED test examples...
[benchmark] built 14395 test examples (leaked PMIDs excluded)
[sweep] grid: 32 primary points (seed 42); guard seeds=(43, 44) on collapse
[sweep 1/32] start pubmedbert_base_lr5e-6_none_seed42 model=PubMedBERT-base lr=5e-06 warmup=none seed=42
[sweep 1/32] phase=train checkpoint_dir=/lus/lfs1aip2/projects/b5ac/project_1/data/10_recipe_sweep_and_training/sweep/checkpoints/pubmedbert_base_lr5e-6_none_seed42
[train] start pubmedbert_base seed=42 lr=5e-06 warmup=none train=24000 val=25311 -> /lus/lfs1aip2/projects/b5ac/project_1/data/10_recipe_sweep_and_training/sweep/checkpoints/pubmedbert_base_lr5e-6_none_seed42
[train] device=cuda batch_size=16 max_epochs=10
Some weights of BertForSequenceClassification were not initialized from the model checkpoint at microsoft/BiomedNLP-PubMedBERT-base-uncased-abstract and are newly initialized: ['classifier.bias', 'classifier.weight']
You should probably TRAIN this model on a down-stream task to be able to use it for predictions and inference.
[train] epoch 1/10 train batch 1/1500 loss=0.7893
[train] epoch 1/10 train batch 500/1500 loss=0.5913
[train] epoch 1/10 train batch 1000/1500 loss=0.7382
[train] epoch 1/10 train batch 1500/1500 loss=0.5226
[train] epoch 1 validating (1582 batches)...
[train] epoch 1/10 train_loss=0.5933 val_loss=0.6154 val_f1=0.6591 patience=0/3 -> new best saved
[train] epoch 2/10 train batch 1/1500 loss=0.2350
[train] epoch 2/10 train batch 500/1500 loss=0.6376
[train] epoch 2/10 train batch 1000/1500 loss=0.3632
[train] epoch 2/10 train batch 1500/1500 loss=0.4967
[train] epoch 2 validating (1582 batches)...
[train] epoch 2/10 train_loss=0.4956 val_loss=0.6232 val_f1=0.6171 patience=1/3
[train] epoch 3/10 train batch 1/1500 loss=0.2675
[train] epoch 3/10 train batch 500/1500 loss=0.4176
[train] epoch 3/10 train batch 1000/1500 loss=0.3076
[train] epoch 3/10 train batch 1500/1500 loss=0.6817
[train] epoch 3 validating (1582 batches)...
[train] epoch 3/10 train_loss=0.4360 val_loss=0.6683 val_f1=0.6570 patience=2/3
[train] epoch 4/10 train batch 1/1500 loss=0.3380
[train] epoch 4/10 train batch 500/1500 loss=0.3348
[train] epoch 4/10 train batch 1000/1500 loss=0.3833
[train] epoch 4/10 train batch 1500/1500 loss=0.2461
[train] epoch 4 validating (1582 batches)...
[train] epoch 4/10 train_loss=0.3880 val_loss=0.6910 val_f1=0.6727 patience=0/3 -> new best saved
[train] epoch 5/10 train batch 1/1500 loss=0.4598
[train] epoch 5/10 train batch 500/1500 loss=0.2301
[train] epoch 5/10 train batch 1000/1500 loss=0.3097
[train] epoch 5/10 train batch 1500/1500 loss=0.4479
[train] epoch 5 validating (1582 batches)...
[train] epoch 5/10 train_loss=0.3532 val_loss=0.7337 val_f1=0.6732 patience=0/3 -> new best saved
[train] epoch 6/10 train batch 1/1500 loss=0.3208
[train] epoch 6/10 train batch 500/1500 loss=0.1241
[train] epoch 6/10 train batch 1000/1500 loss=0.2271
[train] epoch 6/10 train batch 1500/1500 loss=0.4342
[train] epoch 6 validating (1582 batches)...
[train] epoch 6/10 train_loss=0.3239 val_loss=0.8207 val_f1=0.6445 patience=1/3
[train] epoch 7/10 train batch 1/1500 loss=0.2767
[train] epoch 7/10 train batch 500/1500 loss=0.3681
[train] epoch 7/10 train batch 1000/1500 loss=0.3015
[train] epoch 7/10 train batch 1500/1500 loss=0.3704
[train] epoch 7 validating (1582 batches)...
[train] epoch 7/10 train_loss=0.2985 val_loss=0.8306 val_f1=0.6320 patience=2/3
[train] epoch 8/10 train batch 1/1500 loss=0.2225
[train] epoch 8/10 train batch 500/1500 loss=0.2016
[train] epoch 8/10 train batch 1000/1500 loss=0.1046
[train] epoch 8/10 train batch 1500/1500 loss=0.1999
[train] epoch 8 validating (1582 batches)...
[train] epoch 8/10 train_loss=0.2744 val_loss=0.8946 val_f1=0.6903 patience=0/3 -> new best saved
[train] epoch 9/10 train batch 1/1500 loss=0.0981
[train] epoch 9/10 train batch 500/1500 loss=0.2460
[train] epoch 9/10 train batch 1000/1500 loss=0.3228
[train] epoch 9/10 train batch 1500/1500 loss=0.4129
[train] epoch 9 validating (1582 batches)...
[train] epoch 9/10 train_loss=0.2551 val_loss=0.8242 val_f1=0.6643 patience=1/3
[train] epoch 10/10 train batch 1/1500 loss=0.3287
[train] epoch 10/10 train batch 500/1500 loss=0.2982
[train] epoch 10/10 train batch 1000/1500 loss=0.2306
[train] epoch 10/10 train batch 1500/1500 loss=0.1376
[train] epoch 10 validating (1582 batches)...
[train] epoch 10/10 train_loss=0.2337 val_loss=0.9379 val_f1=0.6524 patience=2/3
[train] done pubmedbert_base seed=42 best_val_f1=0.6903 best_epoch=8 epochs_run=10
[sweep 1/32] phase=benchmark pubmedbert_base_lr5e-6_none_seed42 best_val_f1=0.6903 best_epoch=8
[benchmark] evaluating /lus/lfs1aip2/projects/b5ac/project_1/data/10_recipe_sweep_and_training/sweep/checkpoints/pubmedbert_base_lr5e-6_none_seed42 on 14395 BioRED test examples
[benchmark] batch 1/450 examples=32/14395
[benchmark] batch 45/450 examples=1440/14395
[benchmark] batch 90/450 examples=2880/14395
[benchmark] batch 135/450 examples=4320/14395
[benchmark] batch 180/450 examples=5760/14395
[benchmark] batch 225/450 examples=7200/14395
[benchmark] batch 270/450 examples=8640/14395
[benchmark] batch 315/450 examples=10080/14395
[benchmark] batch 360/450 examples=11520/14395
[benchmark] batch 405/450 examples=12960/14395
[benchmark] batch 450/450 examples=14395/14395
[benchmark] done f1=0.7821 precision=0.7743 recall=0.7901 n_positives=8875
[sweep 1/32] done pubmedbert_base_lr5e-6_none_seed42: benchmark_f1=0.7821 best_epoch=8 degenerate=False marker=/lus/lfs1aip2/projects/b5ac/project_1/data/10_recipe_sweep_and_training/sweep/results/pubmedbert_base_lr5e-6_none_seed42/sweep_complete.json
[sweep 2/32] start pubmedbert_base_lr5e-6_warmup_10pct_seed42 model=PubMedBERT-base lr=5e-06 warmup=warmup_10pct seed=42
[sweep 2/32] phase=train checkpoint_dir=/lus/lfs1aip2/projects/b5ac/project_1/data/10_recipe_sweep_and_training/sweep/checkpoints/pubmedbert_base_lr5e-6_warmup_10pct_seed42
[train] start pubmedbert_base seed=42 lr=5e-06 warmup=warmup_10pct train=24000 val=25311 -> /lus/lfs1aip2/projects/b5ac/project_1/data/10_recipe_sweep_and_training/sweep/checkpoints/pubmedbert_base_lr5e-6_warmup_10pct_seed42
[train] device=cuda batch_size=16 max_epochs=10
Some weights of BertForSequenceClassification were not initialized from the model checkpoint at microsoft/BiomedNLP-PubMedBERT-base-uncased-abstract and are newly initialized: ['classifier.bias', 'classifier.weight']
You should probably TRAIN this model on a down-stream task to be able to use it for predictions and inference.
[train] epoch 1/10 train batch 1/1500 loss=0.7893
[train] epoch 1/10 train batch 500/1500 loss=0.6039
[train] epoch 1/10 train batch 1000/1500 loss=0.7238
[train] epoch 1/10 train batch 1500/1500 loss=0.4946
[train] epoch 1 validating (1582 batches)...
[train] epoch 1/10 train_loss=0.6382 val_loss=0.6208 val_f1=0.6498 patience=0/3 -> new best saved
[train] epoch 2/10 train batch 1/1500 loss=0.2764
[train] epoch 2/10 train batch 500/1500 loss=0.6093
[train] epoch 2/10 train batch 1000/1500 loss=0.3910
[train] epoch 2/10 train batch 1500/1500 loss=0.5248
[train] epoch 2 validating (1582 batches)...
[train] epoch 2/10 train_loss=0.5257 val_loss=0.6248 val_f1=0.6027 patience=1/3
[train] epoch 3/10 train batch 1/1500 loss=0.2961
[train] epoch 3/10 train batch 500/1500 loss=0.4279
[train] epoch 3/10 train batch 1000/1500 loss=0.2916
[train] epoch 3/10 train batch 1500/1500 loss=0.5412
[train] epoch 3 validating (1582 batches)...
[train] epoch 3/10 train_loss=0.4564 val_loss=0.6322 val_f1=0.6500 patience=0/3 -> new best saved
[train] epoch 4/10 train batch 1/1500 loss=0.3978
[train] epoch 4/10 train batch 500/1500 loss=0.3911
[train] epoch 4/10 train batch 1000/1500 loss=0.3726
[train] epoch 4/10 train batch 1500/1500 loss=0.3154
[train] epoch 4 validating (1582 batches)...
[train] epoch 4/10 train_loss=0.4052 val_loss=0.6862 val_f1=0.6661 patience=0/3 -> new best saved
[train] epoch 5/10 train batch 1/1500 loss=0.5143
[train] epoch 5/10 train batch 500/1500 loss=0.2281
[train] epoch 5/10 train batch 1000/1500 loss=0.3491
[train] epoch 5/10 train batch 1500/1500 loss=0.4131
[train] epoch 5 validating (1582 batches)...
[train] epoch 5/10 train_loss=0.3681 val_loss=0.7232 val_f1=0.6943 patience=0/3 -> new best saved
[train] epoch 6/10 train batch 1/1500 loss=0.3729
[train] epoch 6/10 train batch 500/1500 loss=0.2588
[train] epoch 6/10 train batch 1000/1500 loss=0.2758
[train] epoch 6/10 train batch 1500/1500 loss=0.3676
[train] epoch 6 validating (1582 batches)...
[train] epoch 6/10 train_loss=0.3406 val_loss=0.7613 val_f1=0.6528 patience=1/3
[train] epoch 7/10 train batch 1/1500 loss=0.3133
[train] epoch 7/10 train batch 500/1500 loss=0.4057
[train] epoch 7/10 train batch 1000/1500 loss=0.3261
[train] epoch 7/10 train batch 1500/1500 loss=0.3201
[train] epoch 7 validating (1582 batches)...
[train] epoch 7/10 train_loss=0.3165 val_loss=0.7710 val_f1=0.6776 patience=2/3
[train] epoch 8/10 train batch 1/1500 loss=0.2281
[train] epoch 8/10 train batch 500/1500 loss=0.2632
[train] epoch 8/10 train batch 1000/1500 loss=0.1449
[train] epoch 8/10 train batch 1500/1500 loss=0.1684
[train] epoch 8 validating (1582 batches)...
[train] epoch 8/10 train_loss=0.2969 val_loss=0.8103 val_f1=0.6797 patience=3/3
[train] early stop at epoch 8 (no val_f1 improvement for 3 epochs)
[train] done pubmedbert_base seed=42 best_val_f1=0.6943 best_epoch=5 epochs_run=8
[sweep 2/32] phase=benchmark pubmedbert_base_lr5e-6_warmup_10pct_seed42 best_val_f1=0.6943 best_epoch=5
[benchmark] evaluating /lus/lfs1aip2/projects/b5ac/project_1/data/10_recipe_sweep_and_training/sweep/checkpoints/pubmedbert_base_lr5e-6_warmup_10pct_seed42 on 14395 BioRED test examples
[benchmark] batch 1/450 examples=32/14395
[benchmark] batch 45/450 examples=1440/14395
[benchmark] batch 90/450 examples=2880/14395
[benchmark] batch 135/450 examples=4320/14395
[benchmark] batch 180/450 examples=5760/14395
[benchmark] batch 225/450 examples=7200/14395
[benchmark] batch 270/450 examples=8640/14395
[benchmark] batch 315/450 examples=10080/14395
[benchmark] batch 360/450 examples=11520/14395
[benchmark] batch 405/450 examples=12960/14395
[benchmark] batch 450/450 examples=14395/14395
[benchmark] done f1=0.7443 precision=0.7664 recall=0.7234 n_positives=8875
[sweep 2/32] done pubmedbert_base_lr5e-6_warmup_10pct_seed42: benchmark_f1=0.7443 best_epoch=5 degenerate=False marker=/lus/lfs1aip2/projects/b5ac/project_1/data/10_recipe_sweep_and_training/sweep/results/pubmedbert_base_lr5e-6_warmup_10pct_seed42/sweep_complete.json
[sweep 3/32] start pubmedbert_base_lr1e-5_none_seed42 model=PubMedBERT-base lr=1e-05 warmup=none seed=42
[sweep 3/32] phase=train checkpoint_dir=/lus/lfs1aip2/projects/b5ac/project_1/data/10_recipe_sweep_and_training/sweep/checkpoints/pubmedbert_base_lr1e-5_none_seed42
[train] start pubmedbert_base seed=42 lr=1e-05 warmup=none train=24000 val=25311 -> /lus/lfs1aip2/projects/b5ac/project_1/data/10_recipe_sweep_and_training/sweep/checkpoints/pubmedbert_base_lr1e-5_none_seed42
[train] device=cuda batch_size=16 max_epochs=10
Some weights of BertForSequenceClassification were not initialized from the model checkpoint at microsoft/BiomedNLP-PubMedBERT-base-uncased-abstract and are newly initialized: ['classifier.bias', 'classifier.weight']
You should probably TRAIN this model on a down-stream task to be able to use it for predictions and inference.
[train] epoch 1/10 train batch 1/1500 loss=0.7893
[train] epoch 1/10 train batch 500/1500 loss=0.5372
[train] epoch 1/10 train batch 1000/1500 loss=0.7821
[train] epoch 1/10 train batch 1500/1500 loss=0.4662
[train] epoch 1 validating (1582 batches)...
[train] epoch 1/10 train_loss=0.5886 val_loss=0.6395 val_f1=0.6475 patience=0/3 -> new best saved
[train] epoch 2/10 train batch 1/1500 loss=0.1902
[train] epoch 2/10 train batch 500/1500 loss=0.4460
[train] epoch 2/10 train batch 1000/1500 loss=0.3282
[train] epoch 2/10 train batch 1500/1500 loss=0.5054
[train] epoch 2 validating (1582 batches)...
[train] epoch 2/10 train_loss=0.4696 val_loss=0.6237 val_f1=0.6256 patience=1/3
[train] epoch 3/10 train batch 1/1500 loss=0.1983
[train] epoch 3/10 train batch 500/1500 loss=0.3965
[train] epoch 3/10 train batch 1000/1500 loss=0.2873
[train] epoch 3/10 train batch 1500/1500 loss=0.4611
[train] epoch 3 validating (1582 batches)...
[train] epoch 3/10 train_loss=0.3957 val_loss=0.7181 val_f1=0.6677 patience=0/3 -> new best saved
[train] epoch 4/10 train batch 1/1500 loss=0.2192
[train] epoch 4/10 train batch 500/1500 loss=0.2884
[train] epoch 4/10 train batch 1000/1500 loss=0.2581
[train] epoch 4/10 train batch 1500/1500 loss=0.1572
[train] epoch 4 validating (1582 batches)...
[train] epoch 4/10 train_loss=0.3444 val_loss=0.7703 val_f1=0.6920 patience=0/3 -> new best saved
[train] epoch 5/10 train batch 1/1500 loss=0.2949
[train] epoch 5/10 train batch 500/1500 loss=0.1317
[train] epoch 5/10 train batch 1000/1500 loss=0.3162
[train] epoch 5/10 train batch 1500/1500 loss=0.4273
[train] epoch 5 validating (1582 batches)...
[train] epoch 5/10 train_loss=0.3030 val_loss=0.8231 val_f1=0.6884 patience=1/3
[train] epoch 6/10 train batch 1/1500 loss=0.3208
[train] epoch 6/10 train batch 500/1500 loss=0.1281
[train] epoch 6/10 train batch 1000/1500 loss=0.1763
[train] epoch 6/10 train batch 1500/1500 loss=0.3113
[train] epoch 6 validating (1582 batches)...
[train] epoch 6/10 train_loss=0.2674 val_loss=0.8671 val_f1=0.6701 patience=2/3
[train] epoch 7/10 train batch 1/1500 loss=0.1076
[train] epoch 7/10 train batch 500/1500 loss=0.3231
[train] epoch 7/10 train batch 1000/1500 loss=0.4369
[train] epoch 7/10 train batch 1500/1500 loss=0.0934
[train] epoch 7 validating (1582 batches)...
[train] epoch 7/10 train_loss=0.2430 val_loss=0.9123 val_f1=0.6788 patience=3/3
[train] early stop at epoch 7 (no val_f1 improvement for 3 epochs)
[train] done pubmedbert_base seed=42 best_val_f1=0.6920 best_epoch=4 epochs_run=7
[sweep 3/32] phase=benchmark pubmedbert_base_lr1e-5_none_seed42 best_val_f1=0.6920 best_epoch=4
[benchmark] evaluating /lus/lfs1aip2/projects/b5ac/project_1/data/10_recipe_sweep_and_training/sweep/checkpoints/pubmedbert_base_lr1e-5_none_seed42 on 14395 BioRED test examples
[benchmark] batch 1/450 examples=32/14395
[benchmark] batch 45/450 examples=1440/14395
[benchmark] batch 90/450 examples=2880/14395
[benchmark] batch 135/450 examples=4320/14395
[benchmark] batch 180/450 examples=5760/14395
[benchmark] batch 225/450 examples=7200/14395
[benchmark] batch 270/450 examples=8640/14395
[benchmark] batch 315/450 examples=10080/14395
[benchmark] batch 360/450 examples=11520/14395
[benchmark] batch 405/450 examples=12960/14395
[benchmark] batch 450/450 examples=14395/14395
[benchmark] done f1=0.7749 precision=0.7848 recall=0.7652 n_positives=8875
[sweep 3/32] done pubmedbert_base_lr1e-5_none_seed42: benchmark_f1=0.7749 best_epoch=4 degenerate=False marker=/lus/lfs1aip2/projects/b5ac/project_1/data/10_recipe_sweep_and_training/sweep/results/pubmedbert_base_lr1e-5_none_seed42/sweep_complete.json
[sweep 4/32] start pubmedbert_base_lr1e-5_warmup_10pct_seed42 model=PubMedBERT-base lr=1e-05 warmup=warmup_10pct seed=42
[sweep 4/32] phase=train checkpoint_dir=/lus/lfs1aip2/projects/b5ac/project_1/data/10_recipe_sweep_and_training/sweep/checkpoints/pubmedbert_base_lr1e-5_warmup_10pct_seed42
[train] start pubmedbert_base seed=42 lr=1e-05 warmup=warmup_10pct train=24000 val=25311 -> /lus/lfs1aip2/projects/b5ac/project_1/data/10_recipe_sweep_and_training/sweep/checkpoints/pubmedbert_base_lr1e-5_warmup_10pct_seed42
[train] device=cuda batch_size=16 max_epochs=10
Some weights of BertForSequenceClassification were not initialized from the model checkpoint at microsoft/BiomedNLP-PubMedBERT-base-uncased-abstract and are newly initialized: ['classifier.bias', 'classifier.weight']
You should probably TRAIN this model on a down-stream task to be able to use it for predictions and inference.
[train] epoch 1/10 train batch 1/1500 loss=0.7893
[train] epoch 1/10 train batch 500/1500 loss=0.6227
[train] epoch 1/10 train batch 1000/1500 loss=0.7635
[train] epoch 1/10 train batch 1500/1500 loss=0.4834
[train] epoch 1 validating (1582 batches)...
[train] epoch 1/10 train_loss=0.6200 val_loss=0.6093 val_f1=0.6450 patience=0/3 -> new best saved
[train] epoch 2/10 train batch 1/1500 loss=0.2183
[train] epoch 2/10 train batch 500/1500 loss=0.5246
[train] epoch 2/10 train batch 1000/1500 loss=0.3635
[train] epoch 2/10 train batch 1500/1500 loss=0.5013
[train] epoch 2 validating (1582 batches)...
[train] epoch 2/10 train_loss=0.5004 val_loss=0.6071 val_f1=0.6378 patience=1/3
[train] epoch 3/10 train batch 1/1500 loss=0.2678
[train] epoch 3/10 train batch 500/1500 loss=0.3831
[train] epoch 3/10 train batch 1000/1500 loss=0.2807
[train] epoch 3/10 train batch 1500/1500 loss=0.4716
[train] epoch 3 validating (1582 batches)...
[train] epoch 3/10 train_loss=0.4168 val_loss=0.6684 val_f1=0.6403 patience=2/3
[train] epoch 4/10 train batch 1/1500 loss=0.3274
[train] epoch 4/10 train batch 500/1500 loss=0.3366
[train] epoch 4/10 train batch 1000/1500 loss=0.4304
[train] epoch 4/10 train batch 1500/1500 loss=0.2029
[train] epoch 4 validating (1582 batches)...
[train] epoch 4/10 train_loss=0.3617 val_loss=0.7234 val_f1=0.6950 patience=0/3 -> new best saved
[train] epoch 5/10 train batch 1/1500 loss=0.3870
[train] epoch 5/10 train batch 500/1500 loss=0.1872
[train] epoch 5/10 train batch 1000/1500 loss=0.3362
[train] epoch 5/10 train batch 1500/1500 loss=0.4358
[train] epoch 5 validating (1582 batches)...
[train] epoch 5/10 train_loss=0.3150 val_loss=0.7616 val_f1=0.6843 patience=1/3
[train] epoch 6/10 train batch 1/1500 loss=0.3064
[train] epoch 6/10 train batch 500/1500 loss=0.1659
[train] epoch 6/10 train batch 1000/1500 loss=0.1666
[train] epoch 6/10 train batch 1500/1500 loss=0.4907
[train] epoch 6 validating (1582 batches)...
[train] epoch 6/10 train_loss=0.2779 val_loss=0.8221 val_f1=0.6321 patience=2/3
[train] epoch 7/10 train batch 1/1500 loss=0.2387
[train] epoch 7/10 train batch 500/1500 loss=0.2705
[train] epoch 7/10 train batch 1000/1500 loss=0.2448
[train] epoch 7/10 train batch 1500/1500 loss=0.2488
[train] epoch 7 validating (1582 batches)...
[train] epoch 7/10 train_loss=0.2469 val_loss=0.8454 val_f1=0.6954 patience=0/3 -> new best saved
[train] epoch 8/10 train batch 1/1500 loss=0.1804
[train] epoch 8/10 train batch 500/1500 loss=0.1737
[train] epoch 8/10 train batch 1000/1500 loss=0.0532
[train] epoch 8/10 train batch 1500/1500 loss=0.1446
[train] epoch 8 validating (1582 batches)...
[train] epoch 8/10 train_loss=0.2210 val_loss=0.9100 val_f1=0.6959 patience=0/3 -> new best saved
[train] epoch 9/10 train batch 1/1500 loss=0.0430
[train] epoch 9/10 train batch 500/1500 loss=0.0922
[train] epoch 9/10 train batch 1000/1500 loss=0.3295
[train] epoch 9/10 train batch 1500/1500 loss=0.3384
[train] epoch 9 validating (1582 batches)...
[train] epoch 9/10 train_loss=0.1998 val_loss=0.9510 val_f1=0.6898 patience=1/3
[train] epoch 10/10 train batch 1/1500 loss=0.3132
[train] epoch 10/10 train batch 500/1500 loss=0.2272
[train] epoch 10/10 train batch 1000/1500 loss=0.1227
[train] epoch 10/10 train batch 1500/1500 loss=0.1625
[train] epoch 10 validating (1582 batches)...
[train] epoch 10/10 train_loss=0.1845 val_loss=1.0219 val_f1=0.6870 patience=2/3
[train] done pubmedbert_base seed=42 best_val_f1=0.6959 best_epoch=8 epochs_run=10
[sweep 4/32] phase=benchmark pubmedbert_base_lr1e-5_warmup_10pct_seed42 best_val_f1=0.6959 best_epoch=8
[benchmark] evaluating /lus/lfs1aip2/projects/b5ac/project_1/data/10_recipe_sweep_and_training/sweep/checkpoints/pubmedbert_base_lr1e-5_warmup_10pct_seed42 on 14395 BioRED test examples
[benchmark] batch 1/450 examples=32/14395
[benchmark] batch 45/450 examples=1440/14395
[benchmark] batch 90/450 examples=2880/14395
[benchmark] batch 135/450 examples=4320/14395
[benchmark] batch 180/450 examples=5760/14395
[benchmark] batch 225/450 examples=7200/14395
[benchmark] batch 270/450 examples=8640/14395
[benchmark] batch 315/450 examples=10080/14395
[benchmark] batch 360/450 examples=11520/14395
[benchmark] batch 405/450 examples=12960/14395
[benchmark] batch 450/450 examples=14395/14395
[benchmark] done f1=0.7701 precision=0.7793 recall=0.7611 n_positives=8875
[sweep 4/32] done pubmedbert_base_lr1e-5_warmup_10pct_seed42: benchmark_f1=0.7701 best_epoch=8 degenerate=False marker=/lus/lfs1aip2/projects/b5ac/project_1/data/10_recipe_sweep_and_training/sweep/results/pubmedbert_base_lr1e-5_warmup_10pct_seed42/sweep_complete.json
[sweep 5/32] start pubmedbert_base_lr2e-5_none_seed42 model=PubMedBERT-base lr=2e-05 warmup=none seed=42
[sweep 5/32] phase=train checkpoint_dir=/lus/lfs1aip2/projects/b5ac/project_1/data/10_recipe_sweep_and_training/sweep/checkpoints/pubmedbert_base_lr2e-5_none_seed42
[train] start pubmedbert_base seed=42 lr=2e-05 warmup=none train=24000 val=25311 -> /lus/lfs1aip2/projects/b5ac/project_1/data/10_recipe_sweep_and_training/sweep/checkpoints/pubmedbert_base_lr2e-5_none_seed42
[train] device=cuda batch_size=16 max_epochs=10
Some weights of BertForSequenceClassification were not initialized from the model checkpoint at microsoft/BiomedNLP-PubMedBERT-base-uncased-abstract and are newly initialized: ['classifier.bias', 'classifier.weight']
You should probably TRAIN this model on a down-stream task to be able to use it for predictions and inference.
[train] epoch 1/10 train batch 1/1500 loss=0.7893
[train] epoch 1/10 train batch 500/1500 loss=0.5416
[train] epoch 1/10 train batch 1000/1500 loss=0.6460
[train] epoch 1/10 train batch 1500/1500 loss=0.4269
[train] epoch 1 validating (1582 batches)...
[train] epoch 1/10 train_loss=0.5953 val_loss=0.6318 val_f1=0.6460 patience=0/3 -> new best saved
[train] epoch 2/10 train batch 1/1500 loss=0.1622
[train] epoch 2/10 train batch 500/1500 loss=0.3649
[train] epoch 2/10 train batch 1000/1500 loss=0.4157
[train] epoch 2/10 train batch 1500/1500 loss=0.6413
[train] epoch 2 validating (1582 batches)...
[train] epoch 2/10 train_loss=0.4745 val_loss=0.6464 val_f1=0.5247 patience=1/3
[train] epoch 3/10 train batch 1/1500 loss=0.3803
[train] epoch 3/10 train batch 500/1500 loss=0.3404
[train] epoch 3/10 train batch 1000/1500 loss=0.3526
[train] epoch 3/10 train batch 1500/1500 loss=0.4410
[train] epoch 3 validating (1582 batches)...
[train] epoch 3/10 train_loss=0.3953 val_loss=0.6812 val_f1=0.6414 patience=2/3
[train] epoch 4/10 train batch 1/1500 loss=0.3240
[train] epoch 4/10 train batch 500/1500 loss=0.4432
[train] epoch 4/10 train batch 1000/1500 loss=0.4057
[train] epoch 4/10 train batch 1500/1500 loss=0.2164
[train] epoch 4 validating (1582 batches)...
[train] epoch 4/10 train_loss=0.3449 val_loss=0.7225 val_f1=0.6355 patience=3/3
[train] early stop at epoch 4 (no val_f1 improvement for 3 epochs)
[train] done pubmedbert_base seed=42 best_val_f1=0.6460 best_epoch=1 epochs_run=4
[sweep 5/32] phase=benchmark pubmedbert_base_lr2e-5_none_seed42 best_val_f1=0.6460 best_epoch=1
[benchmark] evaluating /lus/lfs1aip2/projects/b5ac/project_1/data/10_recipe_sweep_and_training/sweep/checkpoints/pubmedbert_base_lr2e-5_none_seed42 on 14395 BioRED test examples
[benchmark] batch 1/450 examples=32/14395
[benchmark] batch 45/450 examples=1440/14395
[benchmark] batch 90/450 examples=2880/14395
[benchmark] batch 135/450 examples=4320/14395
[benchmark] batch 180/450 examples=5760/14395
[benchmark] batch 225/450 examples=7200/14395
[benchmark] batch 270/450 examples=8640/14395
[benchmark] batch 315/450 examples=10080/14395
[benchmark] batch 360/450 examples=11520/14395
[benchmark] batch 405/450 examples=12960/14395
[benchmark] batch 450/450 examples=14395/14395
[benchmark] done f1=0.7737 precision=0.7512 recall=0.7975 n_positives=8875
[sweep 5/32] done pubmedbert_base_lr2e-5_none_seed42: benchmark_f1=0.7737 best_epoch=1 degenerate=False marker=/lus/lfs1aip2/projects/b5ac/project_1/data/10_recipe_sweep_and_training/sweep/results/pubmedbert_base_lr2e-5_none_seed42/sweep_complete.json
[sweep 6/32] start pubmedbert_base_lr2e-5_warmup_10pct_seed42 model=PubMedBERT-base lr=2e-05 warmup=warmup_10pct seed=42
[sweep 6/32] phase=train checkpoint_dir=/lus/lfs1aip2/projects/b5ac/project_1/data/10_recipe_sweep_and_training/sweep/checkpoints/pubmedbert_base_lr2e-5_warmup_10pct_seed42
[train] start pubmedbert_base seed=42 lr=2e-05 warmup=warmup_10pct train=24000 val=25311 -> /lus/lfs1aip2/projects/b5ac/project_1/data/10_recipe_sweep_and_training/sweep/checkpoints/pubmedbert_base_lr2e-5_warmup_10pct_seed42
[train] device=cuda batch_size=16 max_epochs=10
Some weights of BertForSequenceClassification were not initialized from the model checkpoint at microsoft/BiomedNLP-PubMedBERT-base-uncased-abstract and are newly initialized: ['classifier.bias', 'classifier.weight']
You should probably TRAIN this model on a down-stream task to be able to use it for predictions and inference.
[train] epoch 1/10 train batch 1/1500 loss=0.7893
[train] epoch 1/10 train batch 500/1500 loss=0.5944
[train] epoch 1/10 train batch 1000/1500 loss=0.7492
[train] epoch 1/10 train batch 1500/1500 loss=0.4601
[train] epoch 1 validating (1582 batches)...
[train] epoch 1/10 train_loss=0.6086 val_loss=0.6130 val_f1=0.6234 patience=0/3 -> new best saved
[train] epoch 2/10 train batch 1/1500 loss=0.1836
[train] epoch 2/10 train batch 500/1500 loss=0.6161
[train] epoch 2/10 train batch 1000/1500 loss=0.3654
[train] epoch 2/10 train batch 1500/1500 loss=0.5241
[train] epoch 2 validating (1582 batches)...
[train] epoch 2/10 train_loss=0.4889 val_loss=0.6525 val_f1=0.5613 patience=1/3
[train] epoch 3/10 train batch 1/1500 loss=0.2320
[train] epoch 3/10 train batch 500/1500 loss=0.4199
[train] epoch 3/10 train batch 1000/1500 loss=0.2747
[train] epoch 3/10 train batch 1500/1500 loss=0.4090
[train] epoch 3 validating (1582 batches)...
[train] epoch 3/10 train_loss=0.3926 val_loss=0.6945 val_f1=0.6667 patience=0/3 -> new best saved
[train] epoch 4/10 train batch 1/1500 loss=0.2838
[train] epoch 4/10 train batch 500/1500 loss=0.4262
[train] epoch 4/10 train batch 1000/1500 loss=0.3115
[train] epoch 4/10 train batch 1500/1500 loss=0.1745
[train] epoch 4 validating (1582 batches)...
[train] epoch 4/10 train_loss=0.3278 val_loss=0.7252 val_f1=0.6917 patience=0/3 -> new best saved
[train] epoch 5/10 train batch 1/1500 loss=0.3629
[train] epoch 5/10 train batch 500/1500 loss=0.2000
[train] epoch 5/10 train batch 1000/1500 loss=0.3053
[train] epoch 5/10 train batch 1500/1500 loss=0.3693
[train] epoch 5 validating (1582 batches)...
[train] epoch 5/10 train_loss=0.2773 val_loss=0.8359 val_f1=0.6713 patience=1/3
[train] epoch 6/10 train batch 1/1500 loss=0.1957
[train] epoch 6/10 train batch 500/1500 loss=0.0711
[train] epoch 6/10 train batch 1000/1500 loss=0.1578
[train] epoch 6/10 train batch 1500/1500 loss=0.2152
[train] epoch 6 validating (1582 batches)...
[train] epoch 6/10 train_loss=0.2346 val_loss=0.9534 val_f1=0.6554 patience=2/3
[train] epoch 7/10 train batch 1/1500 loss=0.1015
[train] epoch 7/10 train batch 500/1500 loss=0.2827
[train] epoch 7/10 train batch 1000/1500 loss=0.2080
[train] epoch 7/10 train batch 1500/1500 loss=0.1295
[train] epoch 7 validating (1582 batches)...
[train] epoch 7/10 train_loss=0.2069 val_loss=1.0047 val_f1=0.6984 patience=0/3 -> new best saved
[train] epoch 8/10 train batch 1/1500 loss=0.1376
[train] epoch 8/10 train batch 500/1500 loss=0.1021
[train] epoch 8/10 train batch 1000/1500 loss=0.0680
[train] epoch 8/10 train batch 1500/1500 loss=0.0959
[train] epoch 8 validating (1582 batches)...
[train] epoch 8/10 train_loss=0.1761 val_loss=1.1036 val_f1=0.6943 patience=1/3
[train] epoch 9/10 train batch 1/1500 loss=0.0346
[train] epoch 9/10 train batch 500/1500 loss=0.1443
[train] epoch 9/10 train batch 1000/1500 loss=0.2840
[train] epoch 9/10 train batch 1500/1500 loss=0.3161
[train] epoch 9 validating (1582 batches)...
[train] epoch 9/10 train_loss=0.1551 val_loss=1.1747 val_f1=0.6885 patience=2/3
[train] epoch 10/10 train batch 1/1500 loss=0.3222
[train] epoch 10/10 train batch 500/1500 loss=0.1586
[train] epoch 10/10 train batch 1000/1500 loss=0.1629
[train] epoch 10/10 train batch 1500/1500 loss=0.1547
[train] epoch 10 validating (1582 batches)...
[train] epoch 10/10 train_loss=0.1387 val_loss=1.3011 val_f1=0.6946 patience=3/3
[train] early stop at epoch 10 (no val_f1 improvement for 3 epochs)
[train] done pubmedbert_base seed=42 best_val_f1=0.6984 best_epoch=7 epochs_run=10
[sweep 6/32] phase=benchmark pubmedbert_base_lr2e-5_warmup_10pct_seed42 best_val_f1=0.6984 best_epoch=7
[benchmark] evaluating /lus/lfs1aip2/projects/b5ac/project_1/data/10_recipe_sweep_and_training/sweep/checkpoints/pubmedbert_base_lr2e-5_warmup_10pct_seed42 on 14395 BioRED test examples
[benchmark] batch 1/450 examples=32/14395
[benchmark] batch 45/450 examples=1440/14395
[benchmark] batch 90/450 examples=2880/14395
[benchmark] batch 135/450 examples=4320/14395
[benchmark] batch 180/450 examples=5760/14395
[benchmark] batch 225/450 examples=7200/14395
[benchmark] batch 270/450 examples=8640/14395
[benchmark] batch 315/450 examples=10080/14395
[benchmark] batch 360/450 examples=11520/14395
[benchmark] batch 405/450 examples=12960/14395
[benchmark] batch 450/450 examples=14395/14395
[benchmark] done f1=0.7624 precision=0.7759 recall=0.7494 n_positives=8875
[sweep 6/32] done pubmedbert_base_lr2e-5_warmup_10pct_seed42: benchmark_f1=0.7624 best_epoch=7 degenerate=False marker=/lus/lfs1aip2/projects/b5ac/project_1/data/10_recipe_sweep_and_training/sweep/results/pubmedbert_base_lr2e-5_warmup_10pct_seed42/sweep_complete.json
[sweep 7/32] start pubmedbert_base_lr3e-5_none_seed42 model=PubMedBERT-base lr=3e-05 warmup=none seed=42
[sweep 7/32] phase=train checkpoint_dir=/lus/lfs1aip2/projects/b5ac/project_1/data/10_recipe_sweep_and_training/sweep/checkpoints/pubmedbert_base_lr3e-5_none_seed42
[train] start pubmedbert_base seed=42 lr=3e-05 warmup=none train=24000 val=25311 -> /lus/lfs1aip2/projects/b5ac/project_1/data/10_recipe_sweep_and_training/sweep/checkpoints/pubmedbert_base_lr3e-5_none_seed42
[train] device=cuda batch_size=16 max_epochs=10
Some weights of BertForSequenceClassification were not initialized from the model checkpoint at microsoft/BiomedNLP-PubMedBERT-base-uncased-abstract and are newly initialized: ['classifier.bias', 'classifier.weight']
You should probably TRAIN this model on a down-stream task to be able to use it for predictions and inference.
[train] epoch 1/10 train batch 1/1500 loss=0.7893
[train] epoch 1/10 train batch 500/1500 loss=0.5836
[train] epoch 1/10 train batch 1000/1500 loss=0.6408
[train] epoch 1/10 train batch 1500/1500 loss=0.5097
[train] epoch 1 validating (1582 batches)...
[train] epoch 1/10 train_loss=0.6046 val_loss=0.6562 val_f1=0.4769 patience=0/3 -> new best saved
[train] epoch 2/10 train batch 1/1500 loss=0.3231
[train] epoch 2/10 train batch 500/1500 loss=0.4352
[train] epoch 2/10 train batch 1000/1500 loss=0.3617
[train] epoch 2/10 train batch 1500/1500 loss=0.5417
[train] epoch 2 validating (1582 batches)...
[train] epoch 2/10 train_loss=0.5005 val_loss=0.6395 val_f1=0.4987 patience=0/3 -> new best saved
[train] epoch 3/10 train batch 1/1500 loss=0.3467
[train] epoch 3/10 train batch 500/1500 loss=0.3985
[train] epoch 3/10 train batch 1000/1500 loss=0.3153
[train] epoch 3/10 train batch 1500/1500 loss=0.4219
[train] epoch 3 validating (1582 batches)...
[train] epoch 3/10 train_loss=0.4439 val_loss=0.6519 val_f1=0.5517 patience=0/3 -> new best saved
[train] epoch 4/10 train batch 1/1500 loss=0.3766
[train] epoch 4/10 train batch 500/1500 loss=0.3912
[train] epoch 4/10 train batch 1000/1500 loss=0.3637
[train] epoch 4/10 train batch 1500/1500 loss=0.2433
[train] epoch 4 validating (1582 batches)...
[train] epoch 4/10 train_loss=0.4044 val_loss=0.6787 val_f1=0.5936 patience=0/3 -> new best saved
[train] epoch 5/10 train batch 1/1500 loss=0.4378
[train] epoch 5/10 train batch 500/1500 loss=0.1647
[train] epoch 5/10 train batch 1000/1500 loss=0.3273
[train] epoch 5/10 train batch 1500/1500 loss=0.5464
[train] epoch 5 validating (1582 batches)...
[train] epoch 5/10 train_loss=0.3642 val_loss=0.6756 val_f1=0.6534 patience=0/3 -> new best saved
[train] epoch 6/10 train batch 1/1500 loss=0.3928
[train] epoch 6/10 train batch 500/1500 loss=0.1724
[train] epoch 6/10 train batch 1000/1500 loss=0.2121
[train] epoch 6/10 train batch 1500/1500 loss=0.3845
[train] epoch 6 validating (1582 batches)...
[train] epoch 6/10 train_loss=0.3307 val_loss=0.8658 val_f1=0.6324 patience=1/3
[train] epoch 7/10 train batch 1/1500 loss=0.3232
[train] epoch 7/10 train batch 500/1500 loss=0.2090
[train] epoch 7/10 train batch 1000/1500 loss=0.4278
[train] epoch 7/10 train batch 1500/1500 loss=0.1866
[train] epoch 7 validating (1582 batches)...
[train] epoch 7/10 train_loss=0.3053 val_loss=0.8276 val_f1=0.6300 patience=2/3
[train] epoch 8/10 train batch 1/1500 loss=0.2529
[train] epoch 8/10 train batch 500/1500 loss=0.3523
[train] epoch 8/10 train batch 1000/1500 loss=0.1781
[train] epoch 8/10 train batch 1500/1500 loss=0.1959
[train] epoch 8 validating (1582 batches)...
[train] epoch 8/10 train_loss=0.2791 val_loss=0.8791 val_f1=0.6492 patience=3/3
[train] early stop at epoch 8 (no val_f1 improvement for 3 epochs)
[train] done pubmedbert_base seed=42 best_val_f1=0.6534 best_epoch=5 epochs_run=8
[sweep 7/32] phase=benchmark pubmedbert_base_lr3e-5_none_seed42 best_val_f1=0.6534 best_epoch=5
[benchmark] evaluating /lus/lfs1aip2/projects/b5ac/project_1/data/10_recipe_sweep_and_training/sweep/checkpoints/pubmedbert_base_lr3e-5_none_seed42 on 14395 BioRED test examples
[benchmark] batch 1/450 examples=32/14395
[benchmark] batch 45/450 examples=1440/14395
[benchmark] batch 90/450 examples=2880/14395
[benchmark] batch 135/450 examples=4320/14395
[benchmark] batch 180/450 examples=5760/14395
[benchmark] batch 225/450 examples=7200/14395
[benchmark] batch 270/450 examples=8640/14395
[benchmark] batch 315/450 examples=10080/14395
[benchmark] batch 360/450 examples=11520/14395
[benchmark] batch 405/450 examples=12960/14395
[benchmark] batch 450/450 examples=14395/14395
[benchmark] done f1=0.7558 precision=0.7716 recall=0.7406 n_positives=8875
[sweep 7/32] done pubmedbert_base_lr3e-5_none_seed42: benchmark_f1=0.7558 best_epoch=5 degenerate=False marker=/lus/lfs1aip2/projects/b5ac/project_1/data/10_recipe_sweep_and_training/sweep/results/pubmedbert_base_lr3e-5_none_seed42/sweep_complete.json
[sweep 8/32] start pubmedbert_base_lr3e-5_warmup_10pct_seed42 model=PubMedBERT-base lr=3e-05 warmup=warmup_10pct seed=42
[sweep 8/32] phase=train checkpoint_dir=/lus/lfs1aip2/projects/b5ac/project_1/data/10_recipe_sweep_and_training/sweep/checkpoints/pubmedbert_base_lr3e-5_warmup_10pct_seed42
[train] start pubmedbert_base seed=42 lr=3e-05 warmup=warmup_10pct train=24000 val=25311 -> /lus/lfs1aip2/projects/b5ac/project_1/data/10_recipe_sweep_and_training/sweep/checkpoints/pubmedbert_base_lr3e-5_warmup_10pct_seed42
[train] device=cuda batch_size=16 max_epochs=10
Some weights of BertForSequenceClassification were not initialized from the model checkpoint at microsoft/BiomedNLP-PubMedBERT-base-uncased-abstract and are newly initialized: ['classifier.bias', 'classifier.weight']
You should probably TRAIN this model on a down-stream task to be able to use it for predictions and inference.
[train] epoch 1/10 train batch 1/1500 loss=0.7893
[train] epoch 1/10 train batch 500/1500 loss=0.6081
[train] epoch 1/10 train batch 1000/1500 loss=0.6852
[train] epoch 1/10 train batch 1500/1500 loss=0.3966
[train] epoch 1 validating (1582 batches)...
[train] epoch 1/10 train_loss=0.6065 val_loss=0.6411 val_f1=0.6678 patience=0/3 -> new best saved
[train] epoch 2/10 train batch 1/1500 loss=0.2068
[train] epoch 2/10 train batch 500/1500 loss=0.3833
[train] epoch 2/10 train batch 1000/1500 loss=0.3808
[train] epoch 2/10 train batch 1500/1500 loss=0.6780
[train] epoch 2 validating (1582 batches)...
[train] epoch 2/10 train_loss=0.4941 val_loss=0.6230 val_f1=0.5597 patience=1/3
[train] epoch 3/10 train batch 1/1500 loss=0.2407
[train] epoch 3/10 train batch 500/1500 loss=0.3914
[train] epoch 3/10 train batch 1000/1500 loss=0.3607
[train] epoch 3/10 train batch 1500/1500 loss=0.3887
[train] epoch 3 validating (1582 batches)...
[train] epoch 3/10 train_loss=0.4093 val_loss=0.6563 val_f1=0.6242 patience=2/3
[train] epoch 4/10 train batch 1/1500 loss=0.2902
[train] epoch 4/10 train batch 500/1500 loss=0.4206
[train] epoch 4/10 train batch 1000/1500 loss=0.4031
[train] epoch 4/10 train batch 1500/1500 loss=0.1880
[train] epoch 4 validating (1582 batches)...
[train] epoch 4/10 train_loss=0.3488 val_loss=0.7619 val_f1=0.6541 patience=3/3
[train] early stop at epoch 4 (no val_f1 improvement for 3 epochs)
[train] done pubmedbert_base seed=42 best_val_f1=0.6678 best_epoch=1 epochs_run=4
[sweep 8/32] phase=benchmark pubmedbert_base_lr3e-5_warmup_10pct_seed42 best_val_f1=0.6678 best_epoch=1
[benchmark] evaluating /lus/lfs1aip2/projects/b5ac/project_1/data/10_recipe_sweep_and_training/sweep/checkpoints/pubmedbert_base_lr3e-5_warmup_10pct_seed42 on 14395 BioRED test examples
[benchmark] batch 1/450 examples=32/14395
[benchmark] batch 45/450 examples=1440/14395
[benchmark] batch 90/450 examples=2880/14395
[benchmark] batch 135/450 examples=4320/14395
[benchmark] batch 180/450 examples=5760/14395
[benchmark] batch 225/450 examples=7200/14395
[benchmark] batch 270/450 examples=8640/14395
[benchmark] batch 315/450 examples=10080/14395
[benchmark] batch 360/450 examples=11520/14395
[benchmark] batch 405/450 examples=12960/14395
[benchmark] batch 450/450 examples=14395/14395
[benchmark] done f1=0.7932 precision=0.7475 recall=0.8448 n_positives=8875
[sweep 8/32] done pubmedbert_base_lr3e-5_warmup_10pct_seed42: benchmark_f1=0.7932 best_epoch=1 degenerate=False marker=/lus/lfs1aip2/projects/b5ac/project_1/data/10_recipe_sweep_and_training/sweep/results/pubmedbert_base_lr3e-5_warmup_10pct_seed42/sweep_complete.json
[sweep 9/32] start roberta_base_lr5e-6_none_seed42 model=RoBERTa-base lr=5e-06 warmup=none seed=42
[sweep 9/32] phase=train checkpoint_dir=/lus/lfs1aip2/projects/b5ac/project_1/data/10_recipe_sweep_and_training/sweep/checkpoints/roberta_base_lr5e-6_none_seed42
[train] start roberta_base seed=42 lr=5e-06 warmup=none train=24000 val=25311 -> /lus/lfs1aip2/projects/b5ac/project_1/data/10_recipe_sweep_and_training/sweep/checkpoints/roberta_base_lr5e-6_none_seed42
[train] device=cuda batch_size=16 max_epochs=10
Some weights of RobertaForSequenceClassification were not initialized from the model checkpoint at roberta-base and are newly initialized: ['classifier.dense.bias', 'classifier.dense.weight', 'classifier.out_proj.bias', 'classifier.out_proj.weight']
You should probably TRAIN this model on a down-stream task to be able to use it for predictions and inference.
[train] epoch 1/10 train batch 1/1500 loss=0.7022
[train] epoch 1/10 train batch 500/1500 loss=0.7680
[train] epoch 1/10 train batch 1000/1500 loss=0.6327
[train] epoch 1/10 train batch 1500/1500 loss=0.6957
[train] epoch 1 validating (1582 batches)...
[train] epoch 1/10 train_loss=0.6211 val_loss=0.6226 val_f1=0.5535 patience=0/3 -> new best saved
[train] epoch 2/10 train batch 1/1500 loss=0.5086
[train] epoch 2/10 train batch 500/1500 loss=0.6011
[train] epoch 2/10 train batch 1000/1500 loss=0.5082
[train] epoch 2/10 train batch 1500/1500 loss=0.4471
[train] epoch 2 validating (1582 batches)...
[train] epoch 2/10 train_loss=0.5284 val_loss=0.6590 val_f1=0.6638 patience=0/3 -> new best saved
[train] epoch 3/10 train batch 1/1500 loss=0.5512
[train] epoch 3/10 train batch 500/1500 loss=0.3364
[train] epoch 3/10 train batch 1000/1500 loss=0.2626
[train] epoch 3/10 train batch 1500/1500 loss=0.4772
[train] epoch 3 validating (1582 batches)...
[train] epoch 3/10 train_loss=0.4718 val_loss=0.6161 val_f1=0.6425 patience=1/3
[train] epoch 4/10 train batch 1/1500 loss=0.4192
[train] epoch 4/10 train batch 500/1500 loss=0.5076
[train] epoch 4/10 train batch 1000/1500 loss=0.5829
[train] epoch 4/10 train batch 1500/1500 loss=0.3472
[train] epoch 4 validating (1582 batches)...
[train] epoch 4/10 train_loss=0.4271 val_loss=0.7008 val_f1=0.6439 patience=2/3
[train] epoch 5/10 train batch 1/1500 loss=0.3546
[train] epoch 5/10 train batch 500/1500 loss=0.3301
[train] epoch 5/10 train batch 1000/1500 loss=0.3597
[train] epoch 5/10 train batch 1500/1500 loss=0.3565
[train] epoch 5 validating (1582 batches)...
[train] epoch 5/10 train_loss=0.3940 val_loss=0.7384 val_f1=0.6471 patience=3/3
[train] early stop at epoch 5 (no val_f1 improvement for 3 epochs)
[train] done roberta_base seed=42 best_val_f1=0.6638 best_epoch=2 epochs_run=5
[sweep 9/32] phase=benchmark roberta_base_lr5e-6_none_seed42 best_val_f1=0.6638 best_epoch=2
[benchmark] evaluating /lus/lfs1aip2/projects/b5ac/project_1/data/10_recipe_sweep_and_training/sweep/checkpoints/roberta_base_lr5e-6_none_seed42 on 14395 BioRED test examples
[benchmark] batch 1/450 examples=32/14395
[benchmark] batch 45/450 examples=1440/14395
[benchmark] batch 90/450 examples=2880/14395
[benchmark] batch 135/450 examples=4320/14395
[benchmark] batch 180/450 examples=5760/14395
[benchmark] batch 225/450 examples=7200/14395
[benchmark] batch 270/450 examples=8640/14395
[benchmark] batch 315/450 examples=10080/14395
[benchmark] batch 360/450 examples=11520/14395
[benchmark] batch 405/450 examples=12960/14395
[benchmark] batch 450/450 examples=14395/14395
[benchmark] done f1=0.7460 precision=0.7170 recall=0.7774 n_positives=8875
[sweep 9/32] done roberta_base_lr5e-6_none_seed42: benchmark_f1=0.7460 best_epoch=2 degenerate=False marker=/lus/lfs1aip2/projects/b5ac/project_1/data/10_recipe_sweep_and_training/sweep/results/roberta_base_lr5e-6_none_seed42/sweep_complete.json
[sweep 10/32] start roberta_base_lr5e-6_warmup_10pct_seed42 model=RoBERTa-base lr=5e-06 warmup=warmup_10pct seed=42
[sweep 10/32] phase=train checkpoint_dir=/lus/lfs1aip2/projects/b5ac/project_1/data/10_recipe_sweep_and_training/sweep/checkpoints/roberta_base_lr5e-6_warmup_10pct_seed42
[train] start roberta_base seed=42 lr=5e-06 warmup=warmup_10pct train=24000 val=25311 -> /lus/lfs1aip2/projects/b5ac/project_1/data/10_recipe_sweep_and_training/sweep/checkpoints/roberta_base_lr5e-6_warmup_10pct_seed42
[train] device=cuda batch_size=16 max_epochs=10
Some weights of RobertaForSequenceClassification were not initialized from the model checkpoint at roberta-base and are newly initialized: ['classifier.dense.bias', 'classifier.dense.weight', 'classifier.out_proj.bias', 'classifier.out_proj.weight']
You should probably TRAIN this model on a down-stream task to be able to use it for predictions and inference.
[train] epoch 1/10 train batch 1/1500 loss=0.7022
[train] epoch 1/10 train batch 500/1500 loss=0.7062
[train] epoch 1/10 train batch 1000/1500 loss=0.6761
[train] epoch 1/10 train batch 1500/1500 loss=0.7208
[train] epoch 1 validating (1582 batches)...
[train] epoch 1/10 train_loss=0.6620 val_loss=0.6179 val_f1=0.5706 patience=0/3 -> new best saved
[train] epoch 2/10 train batch 1/1500 loss=0.5676
[train] epoch 2/10 train batch 500/1500 loss=0.5964
[train] epoch 2/10 train batch 1000/1500 loss=0.5268
[train] epoch 2/10 train batch 1500/1500 loss=0.5016
[train] epoch 2 validating (1582 batches)...
[train] epoch 2/10 train_loss=0.5555 val_loss=0.6096 val_f1=0.6399 patience=0/3 -> new best saved
[train] epoch 3/10 train batch 1/1500 loss=0.5706
[train] epoch 3/10 train batch 500/1500 loss=0.4784
[train] epoch 3/10 train batch 1000/1500 loss=0.4718
[train] epoch 3/10 train batch 1500/1500 loss=0.4704
[train] epoch 3 validating (1582 batches)...
[train] epoch 3/10 train_loss=0.4906 val_loss=0.6259 val_f1=0.6343 patience=1/3
[train] epoch 4/10 train batch 1/1500 loss=0.4416
[train] epoch 4/10 train batch 500/1500 loss=0.5343
[train] epoch 4/10 train batch 1000/1500 loss=0.6467
[train] epoch 4/10 train batch 1500/1500 loss=0.4227
[train] epoch 4 validating (1582 batches)...
[train] epoch 4/10 train_loss=0.4487 val_loss=0.6994 val_f1=0.6076 patience=2/3
[train] epoch 5/10 train batch 1/1500 loss=0.3932
[train] epoch 5/10 train batch 500/1500 loss=0.3220
[train] epoch 5/10 train batch 1000/1500 loss=0.3546
[train] epoch 5/10 train batch 1500/1500 loss=0.3966
[train] epoch 5 validating (1582 batches)...
[train] epoch 5/10 train_loss=0.4137 val_loss=0.7190 val_f1=0.6469 patience=0/3 -> new best saved
[train] epoch 6/10 train batch 1/1500 loss=0.2807
[train] epoch 6/10 train batch 500/1500 loss=0.4013
[train] epoch 6/10 train batch 1000/1500 loss=0.5238
[train] epoch 6/10 train batch 1500/1500 loss=0.3447
[train] epoch 6 validating (1582 batches)...
[train] epoch 6/10 train_loss=0.3869 val_loss=0.7220 val_f1=0.6571 patience=0/3 -> new best saved
[train] epoch 7/10 train batch 1/1500 loss=0.2860
[train] epoch 7/10 train batch 500/1500 loss=0.2135
[train] epoch 7/10 train batch 1000/1500 loss=0.2437
[train] epoch 7/10 train batch 1500/1500 loss=0.1952
[train] epoch 7 validating (1582 batches)...
[train] epoch 7/10 train_loss=0.3606 val_loss=0.7819 val_f1=0.6716 patience=0/3 -> new best saved
[train] epoch 8/10 train batch 1/1500 loss=0.1658
[train] epoch 8/10 train batch 500/1500 loss=0.6601
[train] epoch 8/10 train batch 1000/1500 loss=0.5258
[train] epoch 8/10 train batch 1500/1500 loss=0.3756
[train] epoch 8 validating (1582 batches)...
[train] epoch 8/10 train_loss=0.3429 val_loss=0.7850 val_f1=0.6651 patience=1/3
[train] epoch 9/10 train batch 1/1500 loss=0.2676
[train] epoch 9/10 train batch 500/1500 loss=0.2136
[train] epoch 9/10 train batch 1000/1500 loss=0.2650
[train] epoch 9/10 train batch 1500/1500 loss=0.3242
[train] epoch 9 validating (1582 batches)...
[train] epoch 9/10 train_loss=0.3293 val_loss=0.8275 val_f1=0.6265 patience=2/3
[train] epoch 10/10 train batch 1/1500 loss=0.2117
[train] epoch 10/10 train batch 500/1500 loss=0.1942
[train] epoch 10/10 train batch 1000/1500 loss=0.2202
[train] epoch 10/10 train batch 1500/1500 loss=0.1883
[train] epoch 10 validating (1582 batches)...
[train] epoch 10/10 train_loss=0.3173 val_loss=0.8211 val_f1=0.6543 patience=3/3
[train] early stop at epoch 10 (no val_f1 improvement for 3 epochs)
[train] done roberta_base seed=42 best_val_f1=0.6716 best_epoch=7 epochs_run=10
[sweep 10/32] phase=benchmark roberta_base_lr5e-6_warmup_10pct_seed42 best_val_f1=0.6716 best_epoch=7
[benchmark] evaluating /lus/lfs1aip2/projects/b5ac/project_1/data/10_recipe_sweep_and_training/sweep/checkpoints/roberta_base_lr5e-6_warmup_10pct_seed42 on 14395 BioRED test examples
[benchmark] batch 1/450 examples=32/14395
[benchmark] batch 45/450 examples=1440/14395
[benchmark] batch 90/450 examples=2880/14395
[benchmark] batch 135/450 examples=4320/14395
[benchmark] batch 180/450 examples=5760/14395
[benchmark] batch 225/450 examples=7200/14395
[benchmark] batch 270/450 examples=8640/14395
[benchmark] batch 315/450 examples=10080/14395
[benchmark] batch 360/450 examples=11520/14395
[benchmark] batch 405/450 examples=12960/14395
[benchmark] batch 450/450 examples=14395/14395
[benchmark] done f1=0.7364 precision=0.7445 recall=0.7285 n_positives=8875
[sweep 10/32] done roberta_base_lr5e-6_warmup_10pct_seed42: benchmark_f1=0.7364 best_epoch=7 degenerate=False marker=/lus/lfs1aip2/projects/b5ac/project_1/data/10_recipe_sweep_and_training/sweep/results/roberta_base_lr5e-6_warmup_10pct_seed42/sweep_complete.json
[sweep 11/32] start roberta_base_lr1e-5_none_seed42 model=RoBERTa-base lr=1e-05 warmup=none seed=42
[sweep 11/32] phase=train checkpoint_dir=/lus/lfs1aip2/projects/b5ac/project_1/data/10_recipe_sweep_and_training/sweep/checkpoints/roberta_base_lr1e-5_none_seed42
[train] start roberta_base seed=42 lr=1e-05 warmup=none train=24000 val=25311 -> /lus/lfs1aip2/projects/b5ac/project_1/data/10_recipe_sweep_and_training/sweep/checkpoints/roberta_base_lr1e-5_none_seed42
[train] device=cuda batch_size=16 max_epochs=10
Some weights of RobertaForSequenceClassification were not initialized from the model checkpoint at roberta-base and are newly initialized: ['classifier.dense.bias', 'classifier.dense.weight', 'classifier.out_proj.bias', 'classifier.out_proj.weight']
You should probably TRAIN this model on a down-stream task to be able to use it for predictions and inference.
[train] epoch 1/10 train batch 1/1500 loss=0.7022
[train] epoch 1/10 train batch 500/1500 loss=0.7468
[train] epoch 1/10 train batch 1000/1500 loss=0.6738
[train] epoch 1/10 train batch 1500/1500 loss=0.7060
[train] epoch 1 validating (1582 batches)...
[train] epoch 1/10 train_loss=0.6037 val_loss=0.6299 val_f1=0.5618 patience=0/3 -> new best saved
[train] epoch 2/10 train batch 1/1500 loss=0.5840
[train] epoch 2/10 train batch 500/1500 loss=0.6370
[train] epoch 2/10 train batch 1000/1500 loss=0.4325
[train] epoch 2/10 train batch 1500/1500 loss=0.4616
[train] epoch 2 validating (1582 batches)...
[train] epoch 2/10 train_loss=0.4992 val_loss=0.6327 val_f1=0.6604 patience=0/3 -> new best saved
[train] epoch 3/10 train batch 1/1500 loss=0.5041
[train] epoch 3/10 train batch 500/1500 loss=0.3387
[train] epoch 3/10 train batch 1000/1500 loss=0.2307
[train] epoch 3/10 train batch 1500/1500 loss=0.4711
[train] epoch 3 validating (1582 batches)...
[train] epoch 3/10 train_loss=0.4335 val_loss=0.6689 val_f1=0.6005 patience=1/3
[train] epoch 4/10 train batch 1/1500 loss=0.3939
[train] epoch 4/10 train batch 500/1500 loss=0.4572
[train] epoch 4/10 train batch 1000/1500 loss=0.4836
[train] epoch 4/10 train batch 1500/1500 loss=0.2742
[train] epoch 4 validating (1582 batches)...
[train] epoch 4/10 train_loss=0.3868 val_loss=0.7533 val_f1=0.6437 patience=2/3
[train] epoch 5/10 train batch 1/1500 loss=0.2919
[train] epoch 5/10 train batch 500/1500 loss=0.2490
[train] epoch 5/10 train batch 1000/1500 loss=0.6296
[train] epoch 5/10 train batch 1500/1500 loss=0.2866
[train] epoch 5 validating (1582 batches)...
[train] epoch 5/10 train_loss=0.3550 val_loss=0.8843 val_f1=0.6446 patience=3/3
[train] early stop at epoch 5 (no val_f1 improvement for 3 epochs)
[train] done roberta_base seed=42 best_val_f1=0.6604 best_epoch=2 epochs_run=5
[sweep 11/32] phase=benchmark roberta_base_lr1e-5_none_seed42 best_val_f1=0.6604 best_epoch=2
[benchmark] evaluating /lus/lfs1aip2/projects/b5ac/project_1/data/10_recipe_sweep_and_training/sweep/checkpoints/roberta_base_lr1e-5_none_seed42 on 14395 BioRED test examples
[benchmark] batch 1/450 examples=32/14395
[benchmark] batch 45/450 examples=1440/14395
[benchmark] batch 90/450 examples=2880/14395
[benchmark] batch 135/450 examples=4320/14395
[benchmark] batch 180/450 examples=5760/14395
[benchmark] batch 225/450 examples=7200/14395
[benchmark] batch 270/450 examples=8640/14395
[benchmark] batch 315/450 examples=10080/14395
[benchmark] batch 360/450 examples=11520/14395
[benchmark] batch 405/450 examples=12960/14395
[benchmark] batch 450/450 examples=14395/14395
[benchmark] done f1=0.7278 precision=0.7369 recall=0.7189 n_positives=8875
[sweep 11/32] done roberta_base_lr1e-5_none_seed42: benchmark_f1=0.7278 best_epoch=2 degenerate=False marker=/lus/lfs1aip2/projects/b5ac/project_1/data/10_recipe_sweep_and_training/sweep/results/roberta_base_lr1e-5_none_seed42/sweep_complete.json
[sweep 12/32] start roberta_base_lr1e-5_warmup_10pct_seed42 model=RoBERTa-base lr=1e-05 warmup=warmup_10pct seed=42
[sweep 12/32] phase=train checkpoint_dir=/lus/lfs1aip2/projects/b5ac/project_1/data/10_recipe_sweep_and_training/sweep/checkpoints/roberta_base_lr1e-5_warmup_10pct_seed42
[train] start roberta_base seed=42 lr=1e-05 warmup=warmup_10pct train=24000 val=25311 -> /lus/lfs1aip2/projects/b5ac/project_1/data/10_recipe_sweep_and_training/sweep/checkpoints/roberta_base_lr1e-5_warmup_10pct_seed42
[train] device=cuda batch_size=16 max_epochs=10
Some weights of RobertaForSequenceClassification were not initialized from the model checkpoint at roberta-base and are newly initialized: ['classifier.dense.bias', 'classifier.dense.weight', 'classifier.out_proj.bias', 'classifier.out_proj.weight']
You should probably TRAIN this model on a down-stream task to be able to use it for predictions and inference.
[train] epoch 1/10 train batch 1/1500 loss=0.7022
[train] epoch 1/10 train batch 500/1500 loss=0.7305
[train] epoch 1/10 train batch 1000/1500 loss=0.6728
[train] epoch 1/10 train batch 1500/1500 loss=0.7097
[train] epoch 1 validating (1582 batches)...
[train] epoch 1/10 train_loss=0.6525 val_loss=0.6158 val_f1=0.5468 patience=0/3 -> new best saved
[train] epoch 2/10 train batch 1/1500 loss=0.5172
[train] epoch 2/10 train batch 500/1500 loss=0.5762
[train] epoch 2/10 train batch 1000/1500 loss=0.4524
[train] epoch 2/10 train batch 1500/1500 loss=0.4718
[train] epoch 2 validating (1582 batches)...
[train] epoch 2/10 train_loss=0.5326 val_loss=0.6249 val_f1=0.6079 patience=0/3 -> new best saved
[train] epoch 3/10 train batch 1/1500 loss=0.5491
[train] epoch 3/10 train batch 500/1500 loss=0.2990
[train] epoch 3/10 train batch 1000/1500 loss=0.4686
[train] epoch 3/10 train batch 1500/1500 loss=0.4418
[train] epoch 3 validating (1582 batches)...
[train] epoch 3/10 train_loss=0.4489 val_loss=0.6583 val_f1=0.5952 patience=1/3
[train] epoch 4/10 train batch 1/1500 loss=0.3642
[train] epoch 4/10 train batch 500/1500 loss=0.3779
[train] epoch 4/10 train batch 1000/1500 loss=0.5747
[train] epoch 4/10 train batch 1500/1500 loss=0.3685
[train] epoch 4 validating (1582 batches)...
[train] epoch 4/10 train_loss=0.3938 val_loss=0.7409 val_f1=0.6121 patience=0/3 -> new best saved
[train] epoch 5/10 train batch 1/1500 loss=0.3188
[train] epoch 5/10 train batch 500/1500 loss=0.2858
[train] epoch 5/10 train batch 1000/1500 loss=0.3378
[train] epoch 5/10 train batch 1500/1500 loss=0.4099
[train] epoch 5 validating (1582 batches)...
[train] epoch 5/10 train_loss=0.3557 val_loss=0.7835 val_f1=0.6595 patience=0/3 -> new best saved
[train] epoch 6/10 train batch 1/1500 loss=0.2331
[train] epoch 6/10 train batch 500/1500 loss=0.3217
[train] epoch 6/10 train batch 1000/1500 loss=0.5073
[train] epoch 6/10 train batch 1500/1500 loss=0.3082
[train] epoch 6 validating (1582 batches)...
[train] epoch 6/10 train_loss=0.3239 val_loss=0.8233 val_f1=0.6214 patience=1/3
[train] epoch 7/10 train batch 1/1500 loss=0.2431
[train] epoch 7/10 train batch 500/1500 loss=0.2478
[train] epoch 7/10 train batch 1000/1500 loss=0.2406
[train] epoch 7/10 train batch 1500/1500 loss=0.1676
[train] epoch 7 validating (1582 batches)...
[train] epoch 7/10 train_loss=0.2938 val_loss=0.8425 val_f1=0.6504 patience=2/3
[train] epoch 8/10 train batch 1/1500 loss=0.2114
[train] epoch 8/10 train batch 500/1500 loss=0.3268
[train] epoch 8/10 train batch 1000/1500 loss=0.4980
[train] epoch 8/10 train batch 1500/1500 loss=0.1457
[train] epoch 8 validating (1582 batches)...
[train] epoch 8/10 train_loss=0.2688 val_loss=0.8950 val_f1=0.6627 patience=0/3 -> new best saved
[train] epoch 9/10 train batch 1/1500 loss=0.1569
[train] epoch 9/10 train batch 500/1500 loss=0.3428
[train] epoch 9/10 train batch 1000/1500 loss=0.2006
[train] epoch 9/10 train batch 1500/1500 loss=0.2149
[train] epoch 9 validating (1582 batches)...
[train] epoch 9/10 train_loss=0.2501 val_loss=0.9586 val_f1=0.6326 patience=1/3
[train] epoch 10/10 train batch 1/1500 loss=0.1394
[train] epoch 10/10 train batch 500/1500 loss=0.1691
[train] epoch 10/10 train batch 1000/1500 loss=0.2573
[train] epoch 10/10 train batch 1500/1500 loss=0.1363
[train] epoch 10 validating (1582 batches)...
[train] epoch 10/10 train_loss=0.2357 val_loss=0.9940 val_f1=0.6547 patience=2/3
[train] done roberta_base seed=42 best_val_f1=0.6627 best_epoch=8 epochs_run=10
[sweep 12/32] phase=benchmark roberta_base_lr1e-5_warmup_10pct_seed42 best_val_f1=0.6627 best_epoch=8
[benchmark] evaluating /lus/lfs1aip2/projects/b5ac/project_1/data/10_recipe_sweep_and_training/sweep/checkpoints/roberta_base_lr1e-5_warmup_10pct_seed42 on 14395 BioRED test examples
[benchmark] batch 1/450 examples=32/14395
[benchmark] batch 45/450 examples=1440/14395
[benchmark] batch 90/450 examples=2880/14395
[benchmark] batch 135/450 examples=4320/14395
[benchmark] batch 180/450 examples=5760/14395
[benchmark] batch 225/450 examples=7200/14395
[benchmark] batch 270/450 examples=8640/14395
[benchmark] batch 315/450 examples=10080/14395
[benchmark] batch 360/450 examples=11520/14395
[benchmark] batch 405/450 examples=12960/14395
[benchmark] batch 450/450 examples=14395/14395
[benchmark] done f1=0.7342 precision=0.7508 recall=0.7183 n_positives=8875
[sweep 12/32] done roberta_base_lr1e-5_warmup_10pct_seed42: benchmark_f1=0.7342 best_epoch=8 degenerate=False marker=/lus/lfs1aip2/projects/b5ac/project_1/data/10_recipe_sweep_and_training/sweep/results/roberta_base_lr1e-5_warmup_10pct_seed42/sweep_complete.json
[sweep 13/32] start roberta_base_lr2e-5_none_seed42 model=RoBERTa-base lr=2e-05 warmup=none seed=42
[sweep 13/32] phase=train checkpoint_dir=/lus/lfs1aip2/projects/b5ac/project_1/data/10_recipe_sweep_and_training/sweep/checkpoints/roberta_base_lr2e-5_none_seed42
[train] start roberta_base seed=42 lr=2e-05 warmup=none train=24000 val=25311 -> /lus/lfs1aip2/projects/b5ac/project_1/data/10_recipe_sweep_and_training/sweep/checkpoints/roberta_base_lr2e-5_none_seed42
[train] device=cuda batch_size=16 max_epochs=10
Some weights of RobertaForSequenceClassification were not initialized from the model checkpoint at roberta-base and are newly initialized: ['classifier.dense.bias', 'classifier.dense.weight', 'classifier.out_proj.bias', 'classifier.out_proj.weight']
You should probably TRAIN this model on a down-stream task to be able to use it for predictions and inference.
[train] epoch 1/10 train batch 1/1500 loss=0.7022
[train] epoch 1/10 train batch 500/1500 loss=0.7680
[train] epoch 1/10 train batch 1000/1500 loss=0.7088
[train] epoch 1/10 train batch 1500/1500 loss=0.6700
[train] epoch 1 validating (1582 batches)...
[train] epoch 1/10 train_loss=0.6282 val_loss=0.6301 val_f1=0.5316 patience=0/3 -> new best saved
[train] epoch 2/10 train batch 1/1500 loss=0.5644
[train] epoch 2/10 train batch 500/1500 loss=0.5456
[train] epoch 2/10 train batch 1000/1500 loss=0.4898
[train] epoch 2/10 train batch 1500/1500 loss=0.5882
[train] epoch 2 validating (1582 batches)...
[train] epoch 2/10 train_loss=0.5289 val_loss=0.6303 val_f1=0.5773 patience=0/3 -> new best saved
[train] epoch 3/10 train batch 1/1500 loss=0.5289
[train] epoch 3/10 train batch 500/1500 loss=0.3514
[train] epoch 3/10 train batch 1000/1500 loss=0.2306
[train] epoch 3/10 train batch 1500/1500 loss=0.4841
[train] epoch 3 validating (1582 batches)...
[train] epoch 3/10 train_loss=0.4610 val_loss=0.6867 val_f1=0.5790 patience=0/3 -> new best saved
[train] epoch 4/10 train batch 1/1500 loss=0.3783
[train] epoch 4/10 train batch 500/1500 loss=0.3336
[train] epoch 4/10 train batch 1000/1500 loss=0.5449
[train] epoch 4/10 train batch 1500/1500 loss=0.4536
[train] epoch 4 validating (1582 batches)...
[train] epoch 4/10 train_loss=0.4161 val_loss=0.7430 val_f1=0.5880 patience=0/3 -> new best saved
[train] epoch 5/10 train batch 1/1500 loss=0.3011
[train] epoch 5/10 train batch 500/1500 loss=0.4047
[train] epoch 5/10 train batch 1000/1500 loss=0.5662
[train] epoch 5/10 train batch 1500/1500 loss=0.3099
[train] epoch 5 validating (1582 batches)...
[train] epoch 5/10 train_loss=0.3836 val_loss=0.8370 val_f1=0.6465 patience=0/3 -> new best saved
[train] epoch 6/10 train batch 1/1500 loss=0.3587
[train] epoch 6/10 train batch 500/1500 loss=0.4097
[train] epoch 6/10 train batch 1000/1500 loss=0.5369
[train] epoch 6/10 train batch 1500/1500 loss=0.5416
[train] epoch 6 validating (1582 batches)...
[train] epoch 6/10 train_loss=0.3499 val_loss=0.8064 val_f1=0.6430 patience=1/3
[train] epoch 7/10 train batch 1/1500 loss=0.3228
[train] epoch 7/10 train batch 500/1500 loss=0.2721
[train] epoch 7/10 train batch 1000/1500 loss=0.2267
[train] epoch 7/10 train batch 1500/1500 loss=0.1476
[train] epoch 7 validating (1582 batches)...
[train] epoch 7/10 train_loss=0.3244 val_loss=0.8546 val_f1=0.6211 patience=2/3
[train] epoch 8/10 train batch 1/1500 loss=0.2199
[train] epoch 8/10 train batch 500/1500 loss=0.2880
[train] epoch 8/10 train batch 1000/1500 loss=0.5429
[train] epoch 8/10 train batch 1500/1500 loss=0.2243
[train] epoch 8 validating (1582 batches)...
[train] epoch 8/10 train_loss=0.2987 val_loss=0.9063 val_f1=0.6558 patience=0/3 -> new best saved
[train] epoch 9/10 train batch 1/1500 loss=0.1566
[train] epoch 9/10 train batch 500/1500 loss=0.3888
[train] epoch 9/10 train batch 1000/1500 loss=0.2942
[train] epoch 9/10 train batch 1500/1500 loss=0.1515
[train] epoch 9 validating (1582 batches)...
[train] epoch 9/10 train_loss=0.2860 val_loss=1.0571 val_f1=0.6046 patience=1/3
[train] epoch 10/10 train batch 1/1500 loss=0.0601
[train] epoch 10/10 train batch 500/1500 loss=0.0792
[train] epoch 10/10 train batch 1000/1500 loss=0.2597
[train] epoch 10/10 train batch 1500/1500 loss=0.1938
[train] epoch 10 validating (1582 batches)...
[train] epoch 10/10 train_loss=0.2639 val_loss=0.8994 val_f1=0.6192 patience=2/3
[train] done roberta_base seed=42 best_val_f1=0.6558 best_epoch=8 epochs_run=10
[sweep 13/32] phase=benchmark roberta_base_lr2e-5_none_seed42 best_val_f1=0.6558 best_epoch=8
[benchmark] evaluating /lus/lfs1aip2/projects/b5ac/project_1/data/10_recipe_sweep_and_training/sweep/checkpoints/roberta_base_lr2e-5_none_seed42 on 14395 BioRED test examples
[benchmark] batch 1/450 examples=32/14395
[benchmark] batch 45/450 examples=1440/14395
[benchmark] batch 90/450 examples=2880/14395
[benchmark] batch 135/450 examples=4320/14395
[benchmark] batch 180/450 examples=5760/14395
[benchmark] batch 225/450 examples=7200/14395
[benchmark] batch 270/450 examples=8640/14395
[benchmark] batch 315/450 examples=10080/14395
[benchmark] batch 360/450 examples=11520/14395
[benchmark] batch 405/450 examples=12960/14395
[benchmark] batch 450/450 examples=14395/14395
[benchmark] done f1=0.7630 precision=0.7408 recall=0.7866 n_positives=8875
[sweep 13/32] done roberta_base_lr2e-5_none_seed42: benchmark_f1=0.7630 best_epoch=8 degenerate=False marker=/lus/lfs1aip2/projects/b5ac/project_1/data/10_recipe_sweep_and_training/sweep/results/roberta_base_lr2e-5_none_seed42/sweep_complete.json
[sweep 14/32] start roberta_base_lr2e-5_warmup_10pct_seed42 model=RoBERTa-base lr=2e-05 warmup=warmup_10pct seed=42
[sweep 14/32] phase=train checkpoint_dir=/lus/lfs1aip2/projects/b5ac/project_1/data/10_recipe_sweep_and_training/sweep/checkpoints/roberta_base_lr2e-5_warmup_10pct_seed42
[train] start roberta_base seed=42 lr=2e-05 warmup=warmup_10pct train=24000 val=25311 -> /lus/lfs1aip2/projects/b5ac/project_1/data/10_recipe_sweep_and_training/sweep/checkpoints/roberta_base_lr2e-5_warmup_10pct_seed42
[train] device=cuda batch_size=16 max_epochs=10
Some weights of RobertaForSequenceClassification were not initialized from the model checkpoint at roberta-base and are newly initialized: ['classifier.dense.bias', 'classifier.dense.weight', 'classifier.out_proj.bias', 'classifier.out_proj.weight']
You should probably TRAIN this model on a down-stream task to be able to use it for predictions and inference.
[train] epoch 1/10 train batch 1/1500 loss=0.7022
[train] epoch 1/10 train batch 500/1500 loss=0.7790
[train] epoch 1/10 train batch 1000/1500 loss=0.7137
[train] epoch 1/10 train batch 1500/1500 loss=0.8615
[train] epoch 1 validating (1582 batches)...
[train] epoch 1/10 train_loss=0.6425 val_loss=0.7095 val_f1=0.4001 patience=0/3 -> new best saved
[train] epoch 2/10 train batch 1/1500 loss=0.6651
[train] epoch 2/10 train batch 500/1500 loss=0.9156
[train] epoch 2/10 train batch 1000/1500 loss=0.5123
[train] epoch 2/10 train batch 1500/1500 loss=0.5139
[train] epoch 2 validating (1582 batches)...
[train] epoch 2/10 train_loss=0.5505 val_loss=0.6225 val_f1=0.5791 patience=0/3 -> new best saved
[train] epoch 3/10 train batch 1/1500 loss=0.5454
[train] epoch 3/10 train batch 500/1500 loss=0.5217
[train] epoch 3/10 train batch 1000/1500 loss=0.3014
[train] epoch 3/10 train batch 1500/1500 loss=0.4952
[train] epoch 3 validating (1582 batches)...
[train] epoch 3/10 train_loss=0.4817 val_loss=0.6432 val_f1=0.6350 patience=0/3 -> new best saved
[train] epoch 4/10 train batch 1/1500 loss=0.3926
[train] epoch 4/10 train batch 500/1500 loss=0.4877
[train] epoch 4/10 train batch 1000/1500 loss=0.6836
[train] epoch 4/10 train batch 1500/1500 loss=0.4319
[train] epoch 4 validating (1582 batches)...
[train] epoch 4/10 train_loss=0.4315 val_loss=0.7560 val_f1=0.6022 patience=1/3
[train] epoch 5/10 train batch 1/1500 loss=0.3064
[train] epoch 5/10 train batch 500/1500 loss=0.2785
[train] epoch 5/10 train batch 1000/1500 loss=0.3463
[train] epoch 5/10 train batch 1500/1500 loss=0.5713
[train] epoch 5 validating (1582 batches)...
[train] epoch 5/10 train_loss=0.3884 val_loss=0.7734 val_f1=0.6428 patience=0/3 -> new best saved
[train] epoch 6/10 train batch 1/1500 loss=0.3849
[train] epoch 6/10 train batch 500/1500 loss=0.3220
[train] epoch 6/10 train batch 1000/1500 loss=0.5053
[train] epoch 6/10 train batch 1500/1500 loss=0.3747
[train] epoch 6 validating (1582 batches)...
[train] epoch 6/10 train_loss=0.3500 val_loss=0.8467 val_f1=0.5914 patience=1/3
[train] epoch 7/10 train batch 1/1500 loss=0.2316
[train] epoch 7/10 train batch 500/1500 loss=0.2025
[train] epoch 7/10 train batch 1000/1500 loss=0.2530
[train] epoch 7/10 train batch 1500/1500 loss=0.1998
[train] epoch 7 validating (1582 batches)...
[train] epoch 7/10 train_loss=0.3132 val_loss=0.9066 val_f1=0.6271 patience=2/3
[train] epoch 8/10 train batch 1/1500 loss=0.1757
[train] epoch 8/10 train batch 500/1500 loss=0.3821
[train] epoch 8/10 train batch 1000/1500 loss=0.4142
[train] epoch 8/10 train batch 1500/1500 loss=0.1617
[train] epoch 8 validating (1582 batches)...
[train] epoch 8/10 train_loss=0.2818 val_loss=0.9520 val_f1=0.6190 patience=3/3
[train] early stop at epoch 8 (no val_f1 improvement for 3 epochs)
[train] done roberta_base seed=42 best_val_f1=0.6428 best_epoch=5 epochs_run=8
[sweep 14/32] phase=benchmark roberta_base_lr2e-5_warmup_10pct_seed42 best_val_f1=0.6428 best_epoch=5
[benchmark] evaluating /lus/lfs1aip2/projects/b5ac/project_1/data/10_recipe_sweep_and_training/sweep/checkpoints/roberta_base_lr2e-5_warmup_10pct_seed42 on 14395 BioRED test examples
[benchmark] batch 1/450 examples=32/14395
[benchmark] batch 45/450 examples=1440/14395
[benchmark] batch 90/450 examples=2880/14395
[benchmark] batch 135/450 examples=4320/14395
[benchmark] batch 180/450 examples=5760/14395
[benchmark] batch 225/450 examples=7200/14395
[benchmark] batch 270/450 examples=8640/14395
[benchmark] batch 315/450 examples=10080/14395
[benchmark] batch 360/450 examples=11520/14395
[benchmark] batch 405/450 examples=12960/14395
[benchmark] batch 450/450 examples=14395/14395
[benchmark] done f1=0.7256 precision=0.7627 recall=0.6919 n_positives=8875
[sweep 14/32] done roberta_base_lr2e-5_warmup_10pct_seed42: benchmark_f1=0.7256 best_epoch=5 degenerate=False marker=/lus/lfs1aip2/projects/b5ac/project_1/data/10_recipe_sweep_and_training/sweep/results/roberta_base_lr2e-5_warmup_10pct_seed42/sweep_complete.json
[sweep 15/32] start roberta_base_lr3e-5_none_seed42 model=RoBERTa-base lr=3e-05 warmup=none seed=42
[sweep 15/32] phase=train checkpoint_dir=/lus/lfs1aip2/projects/b5ac/project_1/data/10_recipe_sweep_and_training/sweep/checkpoints/roberta_base_lr3e-5_none_seed42
[train] start roberta_base seed=42 lr=3e-05 warmup=none train=24000 val=25311 -> /lus/lfs1aip2/projects/b5ac/project_1/data/10_recipe_sweep_and_training/sweep/checkpoints/roberta_base_lr3e-5_none_seed42
[train] device=cuda batch_size=16 max_epochs=10
Some weights of RobertaForSequenceClassification were not initialized from the model checkpoint at roberta-base and are newly initialized: ['classifier.dense.bias', 'classifier.dense.weight', 'classifier.out_proj.bias', 'classifier.out_proj.weight']
You should probably TRAIN this model on a down-stream task to be able to use it for predictions and inference.
[train] epoch 1/10 train batch 1/1500 loss=0.7022
[train] epoch 1/10 train batch 500/1500 loss=0.7063
[train] epoch 1/10 train batch 1000/1500 loss=0.7176
[train] epoch 1/10 train batch 1500/1500 loss=0.7503
[train] epoch 1 validating (1582 batches)...
[train] epoch 1/10 train_loss=0.6473 val_loss=0.6832 val_f1=0.3336 patience=0/3 -> new best saved
[train] epoch 2/10 train batch 1/1500 loss=0.6682
[train] epoch 2/10 train batch 500/1500 loss=0.5348
[train] epoch 2/10 train batch 1000/1500 loss=0.4805
[train] epoch 2/10 train batch 1500/1500 loss=0.5256
[train] epoch 2 validating (1582 batches)...
[train] epoch 2/10 train_loss=0.5677 val_loss=0.6457 val_f1=0.5732 patience=0/3 -> new best saved
[train] epoch 3/10 train batch 1/1500 loss=0.5415
[train] epoch 3/10 train batch 500/1500 loss=0.5226
[train] epoch 3/10 train batch 1000/1500 loss=0.2942
[train] epoch 3/10 train batch 1500/1500 loss=0.5651
[train] epoch 3 validating (1582 batches)...
[train] epoch 3/10 train_loss=0.5119 val_loss=0.6488 val_f1=0.4679 patience=1/3
[train] epoch 4/10 train batch 1/1500 loss=0.4297
[train] epoch 4/10 train batch 500/1500 loss=0.4744
[train] epoch 4/10 train batch 1000/1500 loss=0.4578
[train] epoch 4/10 train batch 1500/1500 loss=0.4358
[train] epoch 4 validating (1582 batches)...
[train] epoch 4/10 train_loss=0.4652 val_loss=0.7148 val_f1=0.5664 patience=2/3
[train] epoch 5/10 train batch 1/1500 loss=0.2783
[train] epoch 5/10 train batch 500/1500 loss=0.4216
[train] epoch 5/10 train batch 1000/1500 loss=0.4828
[train] epoch 5/10 train batch 1500/1500 loss=0.3139
[train] epoch 5 validating (1582 batches)...
[train] epoch 5/10 train_loss=0.4231 val_loss=0.6978 val_f1=0.5729 patience=3/3
[train] early stop at epoch 5 (no val_f1 improvement for 3 epochs)
[train] done roberta_base seed=42 best_val_f1=0.5732 best_epoch=2 epochs_run=5
[sweep 15/32] phase=benchmark roberta_base_lr3e-5_none_seed42 best_val_f1=0.5732 best_epoch=2
[benchmark] evaluating /lus/lfs1aip2/projects/b5ac/project_1/data/10_recipe_sweep_and_training/sweep/checkpoints/roberta_base_lr3e-5_none_seed42 on 14395 BioRED test examples
[benchmark] batch 1/450 examples=32/14395
[benchmark] batch 45/450 examples=1440/14395
[benchmark] batch 90/450 examples=2880/14395
[benchmark] batch 135/450 examples=4320/14395
[benchmark] batch 180/450 examples=5760/14395
[benchmark] batch 225/450 examples=7200/14395
[benchmark] batch 270/450 examples=8640/14395
[benchmark] batch 315/450 examples=10080/14395
[benchmark] batch 360/450 examples=11520/14395
[benchmark] batch 405/450 examples=12960/14395
[benchmark] batch 450/450 examples=14395/14395
[benchmark] done f1=0.6917 precision=0.7029 recall=0.6808 n_positives=8875
[sweep 15/32] done roberta_base_lr3e-5_none_seed42: benchmark_f1=0.6917 best_epoch=2 degenerate=False marker=/lus/lfs1aip2/projects/b5ac/project_1/data/10_recipe_sweep_and_training/sweep/results/roberta_base_lr3e-5_none_seed42/sweep_complete.json
[sweep 16/32] start roberta_base_lr3e-5_warmup_10pct_seed42 model=RoBERTa-base lr=3e-05 warmup=warmup_10pct seed=42
[sweep 16/32] phase=train checkpoint_dir=/lus/lfs1aip2/projects/b5ac/project_1/data/10_recipe_sweep_and_training/sweep/checkpoints/roberta_base_lr3e-5_warmup_10pct_seed42
[train] start roberta_base seed=42 lr=3e-05 warmup=warmup_10pct train=24000 val=25311 -> /lus/lfs1aip2/projects/b5ac/project_1/data/10_recipe_sweep_and_training/sweep/checkpoints/roberta_base_lr3e-5_warmup_10pct_seed42
[train] device=cuda batch_size=16 max_epochs=10
Some weights of RobertaForSequenceClassification were not initialized from the model checkpoint at roberta-base and are newly initialized: ['classifier.dense.bias', 'classifier.dense.weight', 'classifier.out_proj.bias', 'classifier.out_proj.weight']
You should probably TRAIN this model on a down-stream task to be able to use it for predictions and inference.
[train] epoch 1/10 train batch 1/1500 loss=0.7022
[train] epoch 1/10 train batch 500/1500 loss=0.7349
[train] epoch 1/10 train batch 1000/1500 loss=0.6984
[train] epoch 1/10 train batch 1500/1500 loss=0.6542
[train] epoch 1 validating (1582 batches)...
[train] epoch 1/10 train_loss=0.6541 val_loss=0.6529 val_f1=0.5574 patience=0/3 -> new best saved
[train] epoch 2/10 train batch 1/1500 loss=0.5806
[train] epoch 2/10 train batch 500/1500 loss=0.6663
[train] epoch 2/10 train batch 1000/1500 loss=0.5487
[train] epoch 2/10 train batch 1500/1500 loss=0.5159
[train] epoch 2 validating (1582 batches)...
[train] epoch 2/10 train_loss=0.5791 val_loss=0.6544 val_f1=0.5033 patience=1/3
[train] epoch 3/10 train batch 1/1500 loss=0.5578
[train] epoch 3/10 train batch 500/1500 loss=0.5146
[train] epoch 3/10 train batch 1000/1500 loss=0.2125
[train] epoch 3/10 train batch 1500/1500 loss=0.5033
[train] epoch 3 validating (1582 batches)...
[train] epoch 3/10 train_loss=0.5151 val_loss=0.6858 val_f1=0.5186 patience=2/3
[train] epoch 4/10 train batch 1/1500 loss=0.4084
[train] epoch 4/10 train batch 500/1500 loss=0.4953
[train] epoch 4/10 train batch 1000/1500 loss=0.5994
[train] epoch 4/10 train batch 1500/1500 loss=0.3652
[train] epoch 4 validating (1582 batches)...
[train] epoch 4/10 train_loss=0.4598 val_loss=0.7219 val_f1=0.5881 patience=0/3 -> new best saved
[train] epoch 5/10 train batch 1/1500 loss=0.3433
[train] epoch 5/10 train batch 500/1500 loss=0.2203
[train] epoch 5/10 train batch 1000/1500 loss=0.6684
[train] epoch 5/10 train batch 1500/1500 loss=0.2857
[train] epoch 5 validating (1582 batches)...
[train] epoch 5/10 train_loss=0.4079 val_loss=0.7719 val_f1=0.6125 patience=0/3 -> new best saved
[train] epoch 6/10 train batch 1/1500 loss=0.3101
[train] epoch 6/10 train batch 500/1500 loss=0.3452
[train] epoch 6/10 train batch 1000/1500 loss=0.4545
[train] epoch 6/10 train batch 1500/1500 loss=0.4074
[train] epoch 6 validating (1582 batches)...
[train] epoch 6/10 train_loss=0.3666 val_loss=0.7984 val_f1=0.5782 patience=1/3
[train] epoch 7/10 train batch 1/1500 loss=0.4611
[train] epoch 7/10 train batch 500/1500 loss=0.2756
[train] epoch 7/10 train batch 1000/1500 loss=0.2858
[train] epoch 7/10 train batch 1500/1500 loss=0.1349
[train] epoch 7 validating (1582 batches)...
[train] epoch 7/10 train_loss=0.3268 val_loss=0.8513 val_f1=0.6244 patience=0/3 -> new best saved
[train] epoch 8/10 train batch 1/1500 loss=0.2285
[train] epoch 8/10 train batch 500/1500 loss=0.7685
[train] epoch 8/10 train batch 1000/1500 loss=0.4050
[train] epoch 8/10 train batch 1500/1500 loss=0.3046
[train] epoch 8 validating (1582 batches)...
[train] epoch 8/10 train_loss=0.2904 val_loss=0.8759 val_f1=0.6243 patience=1/3
[train] epoch 9/10 train batch 1/1500 loss=0.1913
[train] epoch 9/10 train batch 500/1500 loss=0.1191
[train] epoch 9/10 train batch 1000/1500 loss=0.2483
[train] epoch 9/10 train batch 1500/1500 loss=0.4559
[train] epoch 9 validating (1582 batches)...
[train] epoch 9/10 train_loss=0.2577 val_loss=1.0533 val_f1=0.6055 patience=2/3
[train] epoch 10/10 train batch 1/1500 loss=0.0569
[train] epoch 10/10 train batch 500/1500 loss=0.1043
[train] epoch 10/10 train batch 1000/1500 loss=0.5154
[train] epoch 10/10 train batch 1500/1500 loss=0.1681
[train] epoch 10 validating (1582 batches)...
[train] epoch 10/10 train_loss=0.2311 val_loss=1.0924 val_f1=0.6346 patience=0/3 -> new best saved
[train] done roberta_base seed=42 best_val_f1=0.6346 best_epoch=10 epochs_run=10
[sweep 16/32] phase=benchmark roberta_base_lr3e-5_warmup_10pct_seed42 best_val_f1=0.6346 best_epoch=10
[benchmark] evaluating /lus/lfs1aip2/projects/b5ac/project_1/data/10_recipe_sweep_and_training/sweep/checkpoints/roberta_base_lr3e-5_warmup_10pct_seed42 on 14395 BioRED test examples
[benchmark] batch 1/450 examples=32/14395
[benchmark] batch 45/450 examples=1440/14395
[benchmark] batch 90/450 examples=2880/14395
[benchmark] batch 135/450 examples=4320/14395
[benchmark] batch 180/450 examples=5760/14395
[benchmark] batch 225/450 examples=7200/14395
[benchmark] batch 270/450 examples=8640/14395
[benchmark] batch 315/450 examples=10080/14395
[benchmark] batch 360/450 examples=11520/14395
[benchmark] batch 405/450 examples=12960/14395
[benchmark] batch 450/450 examples=14395/14395
[benchmark] done f1=0.7415 precision=0.7620 recall=0.7220 n_positives=8875
[sweep 16/32] done roberta_base_lr3e-5_warmup_10pct_seed42: benchmark_f1=0.7415 best_epoch=10 degenerate=False marker=/lus/lfs1aip2/projects/b5ac/project_1/data/10_recipe_sweep_and_training/sweep/results/roberta_base_lr3e-5_warmup_10pct_seed42/sweep_complete.json
[sweep 17/32] start distilbert_base_lr5e-6_none_seed42 model=DistilBERT-base lr=5e-06 warmup=none seed=42
[sweep 17/32] phase=train checkpoint_dir=/lus/lfs1aip2/projects/b5ac/project_1/data/10_recipe_sweep_and_training/sweep/checkpoints/distilbert_base_lr5e-6_none_seed42
[train] start distilbert_base seed=42 lr=5e-06 warmup=none train=24000 val=25311 -> /lus/lfs1aip2/projects/b5ac/project_1/data/10_recipe_sweep_and_training/sweep/checkpoints/distilbert_base_lr5e-6_none_seed42
[train] device=cuda batch_size=16 max_epochs=10
Some weights of DistilBertForSequenceClassification were not initialized from the model checkpoint at distilbert-base-uncased and are newly initialized: ['classifier.bias', 'classifier.weight', 'pre_classifier.bias', 'pre_classifier.weight']
You should probably TRAIN this model on a down-stream task to be able to use it for predictions and inference.
[train] epoch 1/10 train batch 1/1500 loss=0.6910
[train] epoch 1/10 train batch 500/1500 loss=0.6868
[train] epoch 1/10 train batch 1000/1500 loss=0.5609
[train] epoch 1/10 train batch 1500/1500 loss=0.6664
[train] epoch 1 validating (1582 batches)...
[train] epoch 1/10 train_loss=0.6266 val_loss=0.6315 val_f1=0.5739 patience=0/3 -> new best saved
[train] epoch 2/10 train batch 1/1500 loss=0.6686
[train] epoch 2/10 train batch 500/1500 loss=0.6076
[train] epoch 2/10 train batch 1000/1500 loss=0.6008
[train] epoch 2/10 train batch 1500/1500 loss=0.4289
[train] epoch 2 validating (1582 batches)...
[train] epoch 2/10 train_loss=0.5456 val_loss=0.6495 val_f1=0.6116 patience=0/3 -> new best saved
[train] epoch 3/10 train batch 1/1500 loss=0.5258
[train] epoch 3/10 train batch 500/1500 loss=0.5413
[train] epoch 3/10 train batch 1000/1500 loss=0.3952
[train] epoch 3/10 train batch 1500/1500 loss=0.4614
[train] epoch 3 validating (1582 batches)...
[train] epoch 3/10 train_loss=0.4946 val_loss=0.6658 val_f1=0.6215 patience=0/3 -> new best saved
[train] epoch 4/10 train batch 1/1500 loss=0.4679
[train] epoch 4/10 train batch 500/1500 loss=0.4969
[train] epoch 4/10 train batch 1000/1500 loss=0.4630
[train] epoch 4/10 train batch 1500/1500 loss=0.5074
[train] epoch 4 validating (1582 batches)...
[train] epoch 4/10 train_loss=0.4614 val_loss=0.7116 val_f1=0.5265 patience=1/3
[train] epoch 5/10 train batch 1/1500 loss=0.4206
[train] epoch 5/10 train batch 500/1500 loss=0.6364
[train] epoch 5/10 train batch 1000/1500 loss=0.4931
[train] epoch 5/10 train batch 1500/1500 loss=0.6201
[train] epoch 5 validating (1582 batches)...
[train] epoch 5/10 train_loss=0.4347 val_loss=0.7024 val_f1=0.5790 patience=2/3
[train] epoch 6/10 train batch 1/1500 loss=0.3034
[train] epoch 6/10 train batch 500/1500 loss=0.5096
[train] epoch 6/10 train batch 1000/1500 loss=0.5569
[train] epoch 6/10 train batch 1500/1500 loss=0.4032
[train] epoch 6 validating (1582 batches)...
[train] epoch 6/10 train_loss=0.4121 val_loss=0.7003 val_f1=0.5578 patience=3/3
[train] early stop at epoch 6 (no val_f1 improvement for 3 epochs)
[train] done distilbert_base seed=42 best_val_f1=0.6215 best_epoch=3 epochs_run=6
[sweep 17/32] phase=benchmark distilbert_base_lr5e-6_none_seed42 best_val_f1=0.6215 best_epoch=3
[benchmark] evaluating /lus/lfs1aip2/projects/b5ac/project_1/data/10_recipe_sweep_and_training/sweep/checkpoints/distilbert_base_lr5e-6_none_seed42 on 14395 BioRED test examples
[benchmark] batch 1/450 examples=32/14395
[benchmark] batch 45/450 examples=1440/14395
[benchmark] batch 90/450 examples=2880/14395
[benchmark] batch 135/450 examples=4320/14395
[benchmark] batch 180/450 examples=5760/14395
[benchmark] batch 225/450 examples=7200/14395
[benchmark] batch 270/450 examples=8640/14395
[benchmark] batch 315/450 examples=10080/14395
[benchmark] batch 360/450 examples=11520/14395
[benchmark] batch 405/450 examples=12960/14395
[benchmark] batch 450/450 examples=14395/14395
[benchmark] done f1=0.7444 precision=0.7680 recall=0.7221 n_positives=8875
[sweep 17/32] done distilbert_base_lr5e-6_none_seed42: benchmark_f1=0.7444 best_epoch=3 degenerate=False marker=/lus/lfs1aip2/projects/b5ac/project_1/data/10_recipe_sweep_and_training/sweep/results/distilbert_base_lr5e-6_none_seed42/sweep_complete.json
[sweep 18/32] start distilbert_base_lr5e-6_warmup_10pct_seed42 model=DistilBERT-base lr=5e-06 warmup=warmup_10pct seed=42
[sweep 18/32] phase=train checkpoint_dir=/lus/lfs1aip2/projects/b5ac/project_1/data/10_recipe_sweep_and_training/sweep/checkpoints/distilbert_base_lr5e-6_warmup_10pct_seed42
[train] start distilbert_base seed=42 lr=5e-06 warmup=warmup_10pct train=24000 val=25311 -> /lus/lfs1aip2/projects/b5ac/project_1/data/10_recipe_sweep_and_training/sweep/checkpoints/distilbert_base_lr5e-6_warmup_10pct_seed42
[train] device=cuda batch_size=16 max_epochs=10
Some weights of DistilBertForSequenceClassification were not initialized from the model checkpoint at distilbert-base-uncased and are newly initialized: ['classifier.bias', 'classifier.weight', 'pre_classifier.bias', 'pre_classifier.weight']
You should probably TRAIN this model on a down-stream task to be able to use it for predictions and inference.
[train] epoch 1/10 train batch 1/1500 loss=0.6910
[train] epoch 1/10 train batch 500/1500 loss=0.6957
[train] epoch 1/10 train batch 1000/1500 loss=0.6411
[train] epoch 1/10 train batch 1500/1500 loss=0.6784
[train] epoch 1 validating (1582 batches)...
[train] epoch 1/10 train_loss=0.6618 val_loss=0.6522 val_f1=0.4979 patience=0/3 -> new best saved
[train] epoch 2/10 train batch 1/1500 loss=0.5874
[train] epoch 2/10 train batch 500/1500 loss=0.5529
[train] epoch 2/10 train batch 1000/1500 loss=0.5914
[train] epoch 2/10 train batch 1500/1500 loss=0.4534
[train] epoch 2 validating (1582 batches)...
[train] epoch 2/10 train_loss=0.5819 val_loss=0.6566 val_f1=0.6048 patience=0/3 -> new best saved
[train] epoch 3/10 train batch 1/1500 loss=0.5754
[train] epoch 3/10 train batch 500/1500 loss=0.6023
[train] epoch 3/10 train batch 1000/1500 loss=0.3692
[train] epoch 3/10 train batch 1500/1500 loss=0.4930
[train] epoch 3 validating (1582 batches)...
[train] epoch 3/10 train_loss=0.5179 val_loss=0.6630 val_f1=0.5925 patience=1/3
[train] epoch 4/10 train batch 1/1500 loss=0.3922
[train] epoch 4/10 train batch 500/1500 loss=0.4848
[train] epoch 4/10 train batch 1000/1500 loss=0.5673
[train] epoch 4/10 train batch 1500/1500 loss=0.5209
[train] epoch 4 validating (1582 batches)...
[train] epoch 4/10 train_loss=0.4754 val_loss=0.6748 val_f1=0.5865 patience=2/3
[train] epoch 5/10 train batch 1/1500 loss=0.3635
[train] epoch 5/10 train batch 500/1500 loss=0.5631
[train] epoch 5/10 train batch 1000/1500 loss=0.5396
[train] epoch 5/10 train batch 1500/1500 loss=0.5925
[train] epoch 5 validating (1582 batches)...
[train] epoch 5/10 train_loss=0.4506 val_loss=0.6991 val_f1=0.6115 patience=0/3 -> new best saved
[train] epoch 6/10 train batch 1/1500 loss=0.3710
[train] epoch 6/10 train batch 500/1500 loss=0.4742
[train] epoch 6/10 train batch 1000/1500 loss=0.6051
[train] epoch 6/10 train batch 1500/1500 loss=0.3288
[train] epoch 6 validating (1582 batches)...
[train] epoch 6/10 train_loss=0.4259 val_loss=0.7130 val_f1=0.5871 patience=1/3
[train] epoch 7/10 train batch 1/1500 loss=0.4879
[train] epoch 7/10 train batch 500/1500 loss=0.3331
[train] epoch 7/10 train batch 1000/1500 loss=0.3529
[train] epoch 7/10 train batch 1500/1500 loss=0.2154
[train] epoch 7 validating (1582 batches)...
[train] epoch 7/10 train_loss=0.4070 val_loss=0.7429 val_f1=0.6311 patience=0/3 -> new best saved
[train] epoch 8/10 train batch 1/1500 loss=0.2404
[train] epoch 8/10 train batch 500/1500 loss=0.7521
[train] epoch 8/10 train batch 1000/1500 loss=0.4888
[train] epoch 8/10 train batch 1500/1500 loss=0.6237
[train] epoch 8 validating (1582 batches)...
[train] epoch 8/10 train_loss=0.3939 val_loss=0.7338 val_f1=0.6188 patience=1/3
[train] epoch 9/10 train batch 1/1500 loss=0.2604
[train] epoch 9/10 train batch 500/1500 loss=0.2096
[train] epoch 9/10 train batch 1000/1500 loss=0.4455
[train] epoch 9/10 train batch 1500/1500 loss=0.2416
[train] epoch 9 validating (1582 batches)...
[train] epoch 9/10 train_loss=0.3823 val_loss=0.7545 val_f1=0.6122 patience=2/3
[train] epoch 10/10 train batch 1/1500 loss=0.2462
[train] epoch 10/10 train batch 500/1500 loss=0.2569
[train] epoch 10/10 train batch 1000/1500 loss=0.5741
[train] epoch 10/10 train batch 1500/1500 loss=0.2681
[train] epoch 10 validating (1582 batches)...
[train] epoch 10/10 train_loss=0.3731 val_loss=0.7580 val_f1=0.6184 patience=3/3
[train] early stop at epoch 10 (no val_f1 improvement for 3 epochs)
[train] done distilbert_base seed=42 best_val_f1=0.6311 best_epoch=7 epochs_run=10
[sweep 18/32] phase=benchmark distilbert_base_lr5e-6_warmup_10pct_seed42 best_val_f1=0.6311 best_epoch=7
[benchmark] evaluating /lus/lfs1aip2/projects/b5ac/project_1/data/10_recipe_sweep_and_training/sweep/checkpoints/distilbert_base_lr5e-6_warmup_10pct_seed42 on 14395 BioRED test examples
[benchmark] batch 1/450 examples=32/14395
[benchmark] batch 45/450 examples=1440/14395
[benchmark] batch 90/450 examples=2880/14395
[benchmark] batch 135/450 examples=4320/14395
[benchmark] batch 180/450 examples=5760/14395
[benchmark] batch 225/450 examples=7200/14395
[benchmark] batch 270/450 examples=8640/14395
[benchmark] batch 315/450 examples=10080/14395
[benchmark] batch 360/450 examples=11520/14395
[benchmark] batch 405/450 examples=12960/14395
[benchmark] batch 450/450 examples=14395/14395
[benchmark] done f1=0.7409 precision=0.7573 recall=0.7252 n_positives=8875
[sweep 18/32] done distilbert_base_lr5e-6_warmup_10pct_seed42: benchmark_f1=0.7409 best_epoch=7 degenerate=False marker=/lus/lfs1aip2/projects/b5ac/project_1/data/10_recipe_sweep_and_training/sweep/results/distilbert_base_lr5e-6_warmup_10pct_seed42/sweep_complete.json
[sweep 19/32] start distilbert_base_lr1e-5_none_seed42 model=DistilBERT-base lr=1e-05 warmup=none seed=42
[sweep 19/32] phase=train checkpoint_dir=/lus/lfs1aip2/projects/b5ac/project_1/data/10_recipe_sweep_and_training/sweep/checkpoints/distilbert_base_lr1e-5_none_seed42
[train] start distilbert_base seed=42 lr=1e-05 warmup=none train=24000 val=25311 -> /lus/lfs1aip2/projects/b5ac/project_1/data/10_recipe_sweep_and_training/sweep/checkpoints/distilbert_base_lr1e-5_none_seed42
[train] device=cuda batch_size=16 max_epochs=10
Some weights of DistilBertForSequenceClassification were not initialized from the model checkpoint at distilbert-base-uncased and are newly initialized: ['classifier.bias', 'classifier.weight', 'pre_classifier.bias', 'pre_classifier.weight']
You should probably TRAIN this model on a down-stream task to be able to use it for predictions and inference.
[train] epoch 1/10 train batch 1/1500 loss=0.6910
[train] epoch 1/10 train batch 500/1500 loss=0.6943
[train] epoch 1/10 train batch 1000/1500 loss=0.5871
[train] epoch 1/10 train batch 1500/1500 loss=0.6556
[train] epoch 1 validating (1582 batches)...
[train] epoch 1/10 train_loss=0.6172 val_loss=0.6439 val_f1=0.5336 patience=0/3 -> new best saved
[train] epoch 2/10 train batch 1/1500 loss=0.5692
[train] epoch 2/10 train batch 500/1500 loss=0.6236
[train] epoch 2/10 train batch 1000/1500 loss=0.5075
[train] epoch 2/10 train batch 1500/1500 loss=0.4325
[train] epoch 2 validating (1582 batches)...
[train] epoch 2/10 train_loss=0.5294 val_loss=0.6670 val_f1=0.5747 patience=0/3 -> new best saved
[train] epoch 3/10 train batch 1/1500 loss=0.4793
[train] epoch 3/10 train batch 500/1500 loss=0.4342
[train] epoch 3/10 train batch 1000/1500 loss=0.4374
[train] epoch 3/10 train batch 1500/1500 loss=0.4528
[train] epoch 3 validating (1582 batches)...
[train] epoch 3/10 train_loss=0.4723 val_loss=0.6557 val_f1=0.5735 patience=1/3
[train] epoch 4/10 train batch 1/1500 loss=0.4917
[train] epoch 4/10 train batch 500/1500 loss=0.4533
[train] epoch 4/10 train batch 1000/1500 loss=0.3529
[train] epoch 4/10 train batch 1500/1500 loss=0.5315
[train] epoch 4 validating (1582 batches)...
[train] epoch 4/10 train_loss=0.4328 val_loss=0.7462 val_f1=0.5486 patience=2/3
[train] epoch 5/10 train batch 1/1500 loss=0.4447
[train] epoch 5/10 train batch 500/1500 loss=0.4073
[train] epoch 5/10 train batch 1000/1500 loss=0.4442
[train] epoch 5/10 train batch 1500/1500 loss=0.4609
[train] epoch 5 validating (1582 batches)...
[train] epoch 5/10 train_loss=0.3995 val_loss=0.7571 val_f1=0.6034 patience=0/3 -> new best saved
[train] epoch 6/10 train batch 1/1500 loss=0.2784
[train] epoch 6/10 train batch 500/1500 loss=0.4022
[train] epoch 6/10 train batch 1000/1500 loss=0.5519
[train] epoch 6/10 train batch 1500/1500 loss=0.3406
[train] epoch 6 validating (1582 batches)...
[train] epoch 6/10 train_loss=0.3736 val_loss=0.7901 val_f1=0.5813 patience=1/3
[train] epoch 7/10 train batch 1/1500 loss=0.4250
[train] epoch 7/10 train batch 500/1500 loss=0.2172
[train] epoch 7/10 train batch 1000/1500 loss=0.2778
[train] epoch 7/10 train batch 1500/1500 loss=0.2044
[train] epoch 7 validating (1582 batches)...
[train] epoch 7/10 train_loss=0.3496 val_loss=0.8639 val_f1=0.5838 patience=2/3
[train] epoch 8/10 train batch 1/1500 loss=0.2203
[train] epoch 8/10 train batch 500/1500 loss=0.6242
[train] epoch 8/10 train batch 1000/1500 loss=0.3552
[train] epoch 8/10 train batch 1500/1500 loss=0.2130
[train] epoch 8 validating (1582 batches)...
[train] epoch 8/10 train_loss=0.3267 val_loss=0.8097 val_f1=0.6317 patience=0/3 -> new best saved
[train] epoch 9/10 train batch 1/1500 loss=0.2286
[train] epoch 9/10 train batch 500/1500 loss=0.1829
[train] epoch 9/10 train batch 1000/1500 loss=0.3400
[train] epoch 9/10 train batch 1500/1500 loss=0.2701
[train] epoch 9 validating (1582 batches)...
[train] epoch 9/10 train_loss=0.3016 val_loss=0.9164 val_f1=0.5979 patience=1/3
[train] epoch 10/10 train batch 1/1500 loss=0.1727
[train] epoch 10/10 train batch 500/1500 loss=0.2156
[train] epoch 10/10 train batch 1000/1500 loss=0.2556
[train] epoch 10/10 train batch 1500/1500 loss=0.2475
[train] epoch 10 validating (1582 batches)...
[train] epoch 10/10 train_loss=0.2860 val_loss=0.9129 val_f1=0.6081 patience=2/3
[train] done distilbert_base seed=42 best_val_f1=0.6317 best_epoch=8 epochs_run=10
[sweep 19/32] phase=benchmark distilbert_base_lr1e-5_none_seed42 best_val_f1=0.6317 best_epoch=8
[benchmark] evaluating /lus/lfs1aip2/projects/b5ac/project_1/data/10_recipe_sweep_and_training/sweep/checkpoints/distilbert_base_lr1e-5_none_seed42 on 14395 BioRED test examples
[benchmark] batch 1/450 examples=32/14395
[benchmark] batch 45/450 examples=1440/14395
[benchmark] batch 90/450 examples=2880/14395
[benchmark] batch 135/450 examples=4320/14395
[benchmark] batch 180/450 examples=5760/14395
[benchmark] batch 225/450 examples=7200/14395
[benchmark] batch 270/450 examples=8640/14395
[benchmark] batch 315/450 examples=10080/14395
[benchmark] batch 360/450 examples=11520/14395
[benchmark] batch 405/450 examples=12960/14395
[benchmark] batch 450/450 examples=14395/14395
[benchmark] done f1=0.7471 precision=0.7575 recall=0.7370 n_positives=8875
[sweep 19/32] done distilbert_base_lr1e-5_none_seed42: benchmark_f1=0.7471 best_epoch=8 degenerate=False marker=/lus/lfs1aip2/projects/b5ac/project_1/data/10_recipe_sweep_and_training/sweep/results/distilbert_base_lr1e-5_none_seed42/sweep_complete.json
[sweep 20/32] start distilbert_base_lr1e-5_warmup_10pct_seed42 model=DistilBERT-base lr=1e-05 warmup=warmup_10pct seed=42
[sweep 20/32] phase=train checkpoint_dir=/lus/lfs1aip2/projects/b5ac/project_1/data/10_recipe_sweep_and_training/sweep/checkpoints/distilbert_base_lr1e-5_warmup_10pct_seed42
[train] start distilbert_base seed=42 lr=1e-05 warmup=warmup_10pct train=24000 val=25311 -> /lus/lfs1aip2/projects/b5ac/project_1/data/10_recipe_sweep_and_training/sweep/checkpoints/distilbert_base_lr1e-5_warmup_10pct_seed42
[train] device=cuda batch_size=16 max_epochs=10
Some weights of DistilBertForSequenceClassification were not initialized from the model checkpoint at distilbert-base-uncased and are newly initialized: ['classifier.bias', 'classifier.weight', 'pre_classifier.bias', 'pre_classifier.weight']
You should probably TRAIN this model on a down-stream task to be able to use it for predictions and inference.
[train] epoch 1/10 train batch 1/1500 loss=0.6910
[train] epoch 1/10 train batch 500/1500 loss=0.7096
[train] epoch 1/10 train batch 1000/1500 loss=0.6187
[train] epoch 1/10 train batch 1500/1500 loss=0.6747
[train] epoch 1 validating (1582 batches)...
[train] epoch 1/10 train_loss=0.6475 val_loss=0.6554 val_f1=0.5113 patience=0/3 -> new best saved
[train] epoch 2/10 train batch 1/1500 loss=0.5978
[train] epoch 2/10 train batch 500/1500 loss=0.5727
[train] epoch 2/10 train batch 1000/1500 loss=0.4839
[train] epoch 2/10 train batch 1500/1500 loss=0.4280
[train] epoch 2 validating (1582 batches)...
[train] epoch 2/10 train_loss=0.5486 val_loss=0.6566 val_f1=0.5791 patience=0/3 -> new best saved
[train] epoch 3/10 train batch 1/1500 loss=0.4968
[train] epoch 3/10 train batch 500/1500 loss=0.5342
[train] epoch 3/10 train batch 1000/1500 loss=0.2709
[train] epoch 3/10 train batch 1500/1500 loss=0.4705
[train] epoch 3 validating (1582 batches)...
[train] epoch 3/10 train_loss=0.4791 val_loss=0.6586 val_f1=0.5637 patience=1/3
[train] epoch 4/10 train batch 1/1500 loss=0.3902
[train] epoch 4/10 train batch 500/1500 loss=0.5044
[train] epoch 4/10 train batch 1000/1500 loss=0.4583
[train] epoch 4/10 train batch 1500/1500 loss=0.5666
[train] epoch 4 validating (1582 batches)...
[train] epoch 4/10 train_loss=0.4330 val_loss=0.7556 val_f1=0.5578 patience=2/3
[train] epoch 5/10 train batch 1/1500 loss=0.3975
[train] epoch 5/10 train batch 500/1500 loss=0.4125
[train] epoch 5/10 train batch 1000/1500 loss=0.3814
[train] epoch 5/10 train batch 1500/1500 loss=0.4602
[train] epoch 5 validating (1582 batches)...
[train] epoch 5/10 train_loss=0.4024 val_loss=0.7380 val_f1=0.6065 patience=0/3 -> new best saved
[train] epoch 6/10 train batch 1/1500 loss=0.2839
[train] epoch 6/10 train batch 500/1500 loss=0.3781
[train] epoch 6/10 train batch 1000/1500 loss=0.4491
[train] epoch 6/10 train batch 1500/1500 loss=0.3314
[train] epoch 6 validating (1582 batches)...
[train] epoch 6/10 train_loss=0.3703 val_loss=0.7976 val_f1=0.6120 patience=0/3 -> new best saved
[train] epoch 7/10 train batch 1/1500 loss=0.5191
[train] epoch 7/10 train batch 500/1500 loss=0.2125
[train] epoch 7/10 train batch 1000/1500 loss=0.2972
[train] epoch 7/10 train batch 1500/1500 loss=0.1961
[train] epoch 7 validating (1582 batches)...
[train] epoch 7/10 train_loss=0.3454 val_loss=0.8835 val_f1=0.6165 patience=0/3 -> new best saved
[train] epoch 8/10 train batch 1/1500 loss=0.2125
[train] epoch 8/10 train batch 500/1500 loss=0.5908
[train] epoch 8/10 train batch 1000/1500 loss=0.4045
[train] epoch 8/10 train batch 1500/1500 loss=0.3255
[train] epoch 8 validating (1582 batches)...
[train] epoch 8/10 train_loss=0.3249 val_loss=0.8616 val_f1=0.6175 patience=0/3 -> new best saved
[train] epoch 9/10 train batch 1/1500 loss=0.3769
[train] epoch 9/10 train batch 500/1500 loss=0.1628
[train] epoch 9/10 train batch 1000/1500 loss=0.3671
[train] epoch 9/10 train batch 1500/1500 loss=0.2514
[train] epoch 9 validating (1582 batches)...
[train] epoch 9/10 train_loss=0.3054 val_loss=0.9283 val_f1=0.5981 patience=1/3
[train] epoch 10/10 train batch 1/1500 loss=0.2299
[train] epoch 10/10 train batch 500/1500 loss=0.2213
[train] epoch 10/10 train batch 1000/1500 loss=0.2977
[train] epoch 10/10 train batch 1500/1500 loss=0.1764
[train] epoch 10 validating (1582 batches)...
[train] epoch 10/10 train_loss=0.2909 val_loss=0.9298 val_f1=0.6102 patience=2/3
[train] done distilbert_base seed=42 best_val_f1=0.6175 best_epoch=8 epochs_run=10
[sweep 20/32] phase=benchmark distilbert_base_lr1e-5_warmup_10pct_seed42 best_val_f1=0.6175 best_epoch=8
[benchmark] evaluating /lus/lfs1aip2/projects/b5ac/project_1/data/10_recipe_sweep_and_training/sweep/checkpoints/distilbert_base_lr1e-5_warmup_10pct_seed42 on 14395 BioRED test examples
[benchmark] batch 1/450 examples=32/14395
[benchmark] batch 45/450 examples=1440/14395
[benchmark] batch 90/450 examples=2880/14395
[benchmark] batch 135/450 examples=4320/14395
[benchmark] batch 180/450 examples=5760/14395
[benchmark] batch 225/450 examples=7200/14395
[benchmark] batch 270/450 examples=8640/14395
[benchmark] batch 315/450 examples=10080/14395
[benchmark] batch 360/450 examples=11520/14395
[benchmark] batch 405/450 examples=12960/14395
[benchmark] batch 450/450 examples=14395/14395
[benchmark] done f1=0.7143 precision=0.7600 recall=0.6738 n_positives=8875
[sweep 20/32] done distilbert_base_lr1e-5_warmup_10pct_seed42: benchmark_f1=0.7143 best_epoch=8 degenerate=False marker=/lus/lfs1aip2/projects/b5ac/project_1/data/10_recipe_sweep_and_training/sweep/results/distilbert_base_lr1e-5_warmup_10pct_seed42/sweep_complete.json
[sweep 21/32] start distilbert_base_lr2e-5_none_seed42 model=DistilBERT-base lr=2e-05 warmup=none seed=42
[sweep 21/32] phase=train checkpoint_dir=/lus/lfs1aip2/projects/b5ac/project_1/data/10_recipe_sweep_and_training/sweep/checkpoints/distilbert_base_lr2e-5_none_seed42
[train] start distilbert_base seed=42 lr=2e-05 warmup=none train=24000 val=25311 -> /lus/lfs1aip2/projects/b5ac/project_1/data/10_recipe_sweep_and_training/sweep/checkpoints/distilbert_base_lr2e-5_none_seed42
[train] device=cuda batch_size=16 max_epochs=10
Some weights of DistilBertForSequenceClassification were not initialized from the model checkpoint at distilbert-base-uncased and are newly initialized: ['classifier.bias', 'classifier.weight', 'pre_classifier.bias', 'pre_classifier.weight']
You should probably TRAIN this model on a down-stream task to be able to use it for predictions and inference.
[train] epoch 1/10 train batch 1/1500 loss=0.6910
[train] epoch 1/10 train batch 500/1500 loss=0.7698
[train] epoch 1/10 train batch 1000/1500 loss=0.5841
[train] epoch 1/10 train batch 1500/1500 loss=0.6330
[train] epoch 1 validating (1582 batches)...
[train] epoch 1/10 train_loss=0.6195 val_loss=0.6665 val_f1=0.5051 patience=0/3 -> new best saved
[train] epoch 2/10 train batch 1/1500 loss=0.5310
[train] epoch 2/10 train batch 500/1500 loss=0.5813
[train] epoch 2/10 train batch 1000/1500 loss=0.4753
[train] epoch 2/10 train batch 1500/1500 loss=0.4201
[train] epoch 2 validating (1582 batches)...
[train] epoch 2/10 train_loss=0.5376 val_loss=0.6623 val_f1=0.5804 patience=0/3 -> new best saved
[train] epoch 3/10 train batch 1/1500 loss=0.4314
[train] epoch 3/10 train batch 500/1500 loss=0.5696
[train] epoch 3/10 train batch 1000/1500 loss=0.2738
[train] epoch 3/10 train batch 1500/1500 loss=0.4832
[train] epoch 3 validating (1582 batches)...
[train] epoch 3/10 train_loss=0.4851 val_loss=0.6771 val_f1=0.5433 patience=1/3
[train] epoch 4/10 train batch 1/1500 loss=0.3461
[train] epoch 4/10 train batch 500/1500 loss=0.4653
[train] epoch 4/10 train batch 1000/1500 loss=0.4811
[train] epoch 4/10 train batch 1500/1500 loss=0.4277
[train] epoch 4 validating (1582 batches)...
[train] epoch 4/10 train_loss=0.4399 val_loss=0.7106 val_f1=0.5941 patience=0/3 -> new best saved
[train] epoch 5/10 train batch 1/1500 loss=0.4218
[train] epoch 5/10 train batch 500/1500 loss=0.4119
[train] epoch 5/10 train batch 1000/1500 loss=0.4511
[train] epoch 5/10 train batch 1500/1500 loss=0.4198
[train] epoch 5 validating (1582 batches)...
[train] epoch 5/10 train_loss=0.3981 val_loss=0.7466 val_f1=0.6344 patience=0/3 -> new best saved
[train] epoch 6/10 train batch 1/1500 loss=0.2350
[train] epoch 6/10 train batch 500/1500 loss=0.2395
[train] epoch 6/10 train batch 1000/1500 loss=0.5472
[train] epoch 6/10 train batch 1500/1500 loss=0.3986
[train] epoch 6 validating (1582 batches)...
[train] epoch 6/10 train_loss=0.3607 val_loss=0.8492 val_f1=0.5853 patience=1/3
[train] epoch 7/10 train batch 1/1500 loss=0.4539
[train] epoch 7/10 train batch 500/1500 loss=0.1253
[train] epoch 7/10 train batch 1000/1500 loss=0.3662
[train] epoch 7/10 train batch 1500/1500 loss=0.1599
[train] epoch 7 validating (1582 batches)...
[train] epoch 7/10 train_loss=0.3311 val_loss=0.8814 val_f1=0.6182 patience=2/3
[train] epoch 8/10 train batch 1/1500 loss=0.2024
[train] epoch 8/10 train batch 500/1500 loss=0.3419
[train] epoch 8/10 train batch 1000/1500 loss=0.4525
[train] epoch 8/10 train batch 1500/1500 loss=0.2193
[train] epoch 8 validating (1582 batches)...
[train] epoch 8/10 train_loss=0.2988 val_loss=0.8038 val_f1=0.6072 patience=3/3
[train] early stop at epoch 8 (no val_f1 improvement for 3 epochs)
[train] done distilbert_base seed=42 best_val_f1=0.6344 best_epoch=5 epochs_run=8
[sweep 21/32] phase=benchmark distilbert_base_lr2e-5_none_seed42 best_val_f1=0.6344 best_epoch=5
[benchmark] evaluating /lus/lfs1aip2/projects/b5ac/project_1/data/10_recipe_sweep_and_training/sweep/checkpoints/distilbert_base_lr2e-5_none_seed42 on 14395 BioRED test examples
[benchmark] batch 1/450 examples=32/14395
[benchmark] batch 45/450 examples=1440/14395
[benchmark] batch 90/450 examples=2880/14395
[benchmark] batch 135/450 examples=4320/14395
[benchmark] batch 180/450 examples=5760/14395
[benchmark] batch 225/450 examples=7200/14395
[benchmark] batch 270/450 examples=8640/14395
[benchmark] batch 315/450 examples=10080/14395
[benchmark] batch 360/450 examples=11520/14395
[benchmark] batch 405/450 examples=12960/14395
[benchmark] batch 450/450 examples=14395/14395
[benchmark] done f1=0.7394 precision=0.7452 recall=0.7337 n_positives=8875
[sweep 21/32] done distilbert_base_lr2e-5_none_seed42: benchmark_f1=0.7394 best_epoch=5 degenerate=False marker=/lus/lfs1aip2/projects/b5ac/project_1/data/10_recipe_sweep_and_training/sweep/results/distilbert_base_lr2e-5_none_seed42/sweep_complete.json
[sweep 22/32] start distilbert_base_lr2e-5_warmup_10pct_seed42 model=DistilBERT-base lr=2e-05 warmup=warmup_10pct seed=42
[sweep 22/32] phase=train checkpoint_dir=/lus/lfs1aip2/projects/b5ac/project_1/data/10_recipe_sweep_and_training/sweep/checkpoints/distilbert_base_lr2e-5_warmup_10pct_seed42
[train] start distilbert_base seed=42 lr=2e-05 warmup=warmup_10pct train=24000 val=25311 -> /lus/lfs1aip2/projects/b5ac/project_1/data/10_recipe_sweep_and_training/sweep/checkpoints/distilbert_base_lr2e-5_warmup_10pct_seed42
[train] device=cuda batch_size=16 max_epochs=10
Some weights of DistilBertForSequenceClassification were not initialized from the model checkpoint at distilbert-base-uncased and are newly initialized: ['classifier.bias', 'classifier.weight', 'pre_classifier.bias', 'pre_classifier.weight']
You should probably TRAIN this model on a down-stream task to be able to use it for predictions and inference.
[train] epoch 1/10 train batch 1/1500 loss=0.6910
[train] epoch 1/10 train batch 500/1500 loss=0.7154
[train] epoch 1/10 train batch 1000/1500 loss=0.5830
[train] epoch 1/10 train batch 1500/1500 loss=0.6425
[train] epoch 1 validating (1582 batches)...
[train] epoch 1/10 train_loss=0.6365 val_loss=0.6313 val_f1=0.5504 patience=0/3 -> new best saved
[train] epoch 2/10 train batch 1/1500 loss=0.6285
[train] epoch 2/10 train batch 500/1500 loss=0.5623
[train] epoch 2/10 train batch 1000/1500 loss=0.5367
[train] epoch 2/10 train batch 1500/1500 loss=0.4338
[train] epoch 2 validating (1582 batches)...
[train] epoch 2/10 train_loss=0.5385 val_loss=0.6497 val_f1=0.6001 patience=0/3 -> new best saved
[train] epoch 3/10 train batch 1/1500 loss=0.4551
[train] epoch 3/10 train batch 500/1500 loss=0.4961
[train] epoch 3/10 train batch 1000/1500 loss=0.3993
[train] epoch 3/10 train batch 1500/1500 loss=0.5142
[train] epoch 3 validating (1582 batches)...
[train] epoch 3/10 train_loss=0.4681 val_loss=0.6500 val_f1=0.5280 patience=1/3
[train] epoch 4/10 train batch 1/1500 loss=0.4045
[train] epoch 4/10 train batch 500/1500 loss=0.4572
[train] epoch 4/10 train batch 1000/1500 loss=0.4559
[train] epoch 4/10 train batch 1500/1500 loss=0.4613
[train] epoch 4 validating (1582 batches)...
[train] epoch 4/10 train_loss=0.4183 val_loss=0.7718 val_f1=0.5949 patience=2/3
[train] epoch 5/10 train batch 1/1500 loss=0.3140
[train] epoch 5/10 train batch 500/1500 loss=0.3434
[train] epoch 5/10 train batch 1000/1500 loss=0.3626
[train] epoch 5/10 train batch 1500/1500 loss=0.3225
[train] epoch 5 validating (1582 batches)...
[train] epoch 5/10 train_loss=0.3739 val_loss=0.7696 val_f1=0.6377 patience=0/3 -> new best saved
[train] epoch 6/10 train batch 1/1500 loss=0.2275
[train] epoch 6/10 train batch 500/1500 loss=0.2595
[train] epoch 6/10 train batch 1000/1500 loss=0.5695
[train] epoch 6/10 train batch 1500/1500 loss=0.3800
[train] epoch 6 validating (1582 batches)...
[train] epoch 6/10 train_loss=0.3341 val_loss=0.8192 val_f1=0.6076 patience=1/3
[train] epoch 7/10 train batch 1/1500 loss=0.4386
[train] epoch 7/10 train batch 500/1500 loss=0.1356
[train] epoch 7/10 train batch 1000/1500 loss=0.4073
[train] epoch 7/10 train batch 1500/1500 loss=0.1178
[train] epoch 7 validating (1582 batches)...
[train] epoch 7/10 train_loss=0.3016 val_loss=0.9218 val_f1=0.6170 patience=2/3
[train] epoch 8/10 train batch 1/1500 loss=0.1887
[train] epoch 8/10 train batch 500/1500 loss=0.4888
[train] epoch 8/10 train batch 1000/1500 loss=0.4995
[train] epoch 8/10 train batch 1500/1500 loss=0.1760
[train] epoch 8 validating (1582 batches)...
[train] epoch 8/10 train_loss=0.2698 val_loss=0.9372 val_f1=0.6171 patience=3/3
[train] early stop at epoch 8 (no val_f1 improvement for 3 epochs)
[train] done distilbert_base seed=42 best_val_f1=0.6377 best_epoch=5 epochs_run=8
[sweep 22/32] phase=benchmark distilbert_base_lr2e-5_warmup_10pct_seed42 best_val_f1=0.6377 best_epoch=5
[benchmark] evaluating /lus/lfs1aip2/projects/b5ac/project_1/data/10_recipe_sweep_and_training/sweep/checkpoints/distilbert_base_lr2e-5_warmup_10pct_seed42 on 14395 BioRED test examples
[benchmark] batch 1/450 examples=32/14395
[benchmark] batch 45/450 examples=1440/14395
[benchmark] batch 90/450 examples=2880/14395
[benchmark] batch 135/450 examples=4320/14395
[benchmark] batch 180/450 examples=5760/14395
[benchmark] batch 225/450 examples=7200/14395
[benchmark] batch 270/450 examples=8640/14395
[benchmark] batch 315/450 examples=10080/14395
[benchmark] batch 360/450 examples=11520/14395
[benchmark] batch 405/450 examples=12960/14395
[benchmark] batch 450/450 examples=14395/14395
[benchmark] done f1=0.7164 precision=0.7785 recall=0.6634 n_positives=8875
[sweep 22/32] done distilbert_base_lr2e-5_warmup_10pct_seed42: benchmark_f1=0.7164 best_epoch=5 degenerate=False marker=/lus/lfs1aip2/projects/b5ac/project_1/data/10_recipe_sweep_and_training/sweep/results/distilbert_base_lr2e-5_warmup_10pct_seed42/sweep_complete.json
[sweep 23/32] start distilbert_base_lr3e-5_none_seed42 model=DistilBERT-base lr=3e-05 warmup=none seed=42
[sweep 23/32] phase=train checkpoint_dir=/lus/lfs1aip2/projects/b5ac/project_1/data/10_recipe_sweep_and_training/sweep/checkpoints/distilbert_base_lr3e-5_none_seed42
[train] start distilbert_base seed=42 lr=3e-05 warmup=none train=24000 val=25311 -> /lus/lfs1aip2/projects/b5ac/project_1/data/10_recipe_sweep_and_training/sweep/checkpoints/distilbert_base_lr3e-5_none_seed42
[train] device=cuda batch_size=16 max_epochs=10
Some weights of DistilBertForSequenceClassification were not initialized from the model checkpoint at distilbert-base-uncased and are newly initialized: ['classifier.bias', 'classifier.weight', 'pre_classifier.bias', 'pre_classifier.weight']
You should probably TRAIN this model on a down-stream task to be able to use it for predictions and inference.
[train] epoch 1/10 train batch 1/1500 loss=0.6910
[train] epoch 1/10 train batch 500/1500 loss=0.6541
[train] epoch 1/10 train batch 1000/1500 loss=0.6439
[train] epoch 1/10 train batch 1500/1500 loss=0.6611
[train] epoch 1 validating (1582 batches)...
[train] epoch 1/10 train_loss=0.6271 val_loss=0.6514 val_f1=0.5251 patience=0/3 -> new best saved
[train] epoch 2/10 train batch 1/1500 loss=0.5549
[train] epoch 2/10 train batch 500/1500 loss=0.5668
[train] epoch 2/10 train batch 1000/1500 loss=0.5058
[train] epoch 2/10 train batch 1500/1500 loss=0.5529
[train] epoch 2 validating (1582 batches)...
[train] epoch 2/10 train_loss=0.5599 val_loss=0.6524 val_f1=0.4866 patience=1/3
[train] epoch 3/10 train batch 1/1500 loss=0.4647
[train] epoch 3/10 train batch 500/1500 loss=0.6082
[train] epoch 3/10 train batch 1000/1500 loss=0.3152
[train] epoch 3/10 train batch 1500/1500 loss=0.5468
[train] epoch 3 validating (1582 batches)...
[train] epoch 3/10 train_loss=0.5193 val_loss=0.6537 val_f1=0.4896 patience=2/3
[train] epoch 4/10 train batch 1/1500 loss=0.4139
[train] epoch 4/10 train batch 500/1500 loss=0.5888
[train] epoch 4/10 train batch 1000/1500 loss=0.5965
[train] epoch 4/10 train batch 1500/1500 loss=0.4939
[train] epoch 4 validating (1582 batches)...
[train] epoch 4/10 train_loss=0.4802 val_loss=0.7381 val_f1=0.4815 patience=3/3
[train] early stop at epoch 4 (no val_f1 improvement for 3 epochs)
[train] done distilbert_base seed=42 best_val_f1=0.5251 best_epoch=1 epochs_run=4
[sweep 23/32] phase=benchmark distilbert_base_lr3e-5_none_seed42 best_val_f1=0.5251 best_epoch=1
[benchmark] evaluating /lus/lfs1aip2/projects/b5ac/project_1/data/10_recipe_sweep_and_training/sweep/checkpoints/distilbert_base_lr3e-5_none_seed42 on 14395 BioRED test examples
[benchmark] batch 1/450 examples=32/14395
[benchmark] batch 45/450 examples=1440/14395
[benchmark] batch 90/450 examples=2880/14395
[benchmark] batch 135/450 examples=4320/14395
[benchmark] batch 180/450 examples=5760/14395
[benchmark] batch 225/450 examples=7200/14395
[benchmark] batch 270/450 examples=8640/14395
[benchmark] batch 315/450 examples=10080/14395
[benchmark] batch 360/450 examples=11520/14395
[benchmark] batch 405/450 examples=12960/14395
[benchmark] batch 450/450 examples=14395/14395
[benchmark] done f1=0.6678 precision=0.7216 recall=0.6214 n_positives=8875
[sweep 23/32] done distilbert_base_lr3e-5_none_seed42: benchmark_f1=0.6678 best_epoch=1 degenerate=False marker=/lus/lfs1aip2/projects/b5ac/project_1/data/10_recipe_sweep_and_training/sweep/results/distilbert_base_lr3e-5_none_seed42/sweep_complete.json
[sweep 24/32] start distilbert_base_lr3e-5_warmup_10pct_seed42 model=DistilBERT-base lr=3e-05 warmup=warmup_10pct seed=42
[sweep 24/32] phase=train checkpoint_dir=/lus/lfs1aip2/projects/b5ac/project_1/data/10_recipe_sweep_and_training/sweep/checkpoints/distilbert_base_lr3e-5_warmup_10pct_seed42
[train] start distilbert_base seed=42 lr=3e-05 warmup=warmup_10pct train=24000 val=25311 -> /lus/lfs1aip2/projects/b5ac/project_1/data/10_recipe_sweep_and_training/sweep/checkpoints/distilbert_base_lr3e-5_warmup_10pct_seed42
[train] device=cuda batch_size=16 max_epochs=10
Some weights of DistilBertForSequenceClassification were not initialized from the model checkpoint at distilbert-base-uncased and are newly initialized: ['classifier.bias', 'classifier.weight', 'pre_classifier.bias', 'pre_classifier.weight']
You should probably TRAIN this model on a down-stream task to be able to use it for predictions and inference.
[train] epoch 1/10 train batch 1/1500 loss=0.6910
[train] epoch 1/10 train batch 500/1500 loss=0.7178
[train] epoch 1/10 train batch 1000/1500 loss=0.5596
[train] epoch 1/10 train batch 1500/1500 loss=0.6653
[train] epoch 1 validating (1582 batches)...
[train] epoch 1/10 train_loss=0.6411 val_loss=0.6602 val_f1=0.4699 patience=0/3 -> new best saved
[train] epoch 2/10 train batch 1/1500 loss=0.5718
[train] epoch 2/10 train batch 500/1500 loss=0.5342
[train] epoch 2/10 train batch 1000/1500 loss=0.6163
[train] epoch 2/10 train batch 1500/1500 loss=0.4303
[train] epoch 2 validating (1582 batches)...
[train] epoch 2/10 train_loss=0.5595 val_loss=0.6469 val_f1=0.5139 patience=0/3 -> new best saved
[train] epoch 3/10 train batch 1/1500 loss=0.5332
[train] epoch 3/10 train batch 500/1500 loss=0.5519
[train] epoch 3/10 train batch 1000/1500 loss=0.2773
[train] epoch 3/10 train batch 1500/1500 loss=0.4650
[train] epoch 3 validating (1582 batches)...
[train] epoch 3/10 train_loss=0.4883 val_loss=0.6666 val_f1=0.4901 patience=1/3
[train] epoch 4/10 train batch 1/1500 loss=0.3880
[train] epoch 4/10 train batch 500/1500 loss=0.4671
[train] epoch 4/10 train batch 1000/1500 loss=0.4727
[train] epoch 4/10 train batch 1500/1500 loss=0.4708
[train] epoch 4 validating (1582 batches)...
[train] epoch 4/10 train_loss=0.4332 val_loss=0.7754 val_f1=0.4776 patience=2/3
[train] epoch 5/10 train batch 1/1500 loss=0.3366
[train] epoch 5/10 train batch 500/1500 loss=0.3494
[train] epoch 5/10 train batch 1000/1500 loss=0.4359
[train] epoch 5/10 train batch 1500/1500 loss=0.3350
[train] epoch 5 validating (1582 batches)...
[train] epoch 5/10 train_loss=0.3878 val_loss=0.8190 val_f1=0.5490 patience=0/3 -> new best saved
[train] epoch 6/10 train batch 1/1500 loss=0.2447
[train] epoch 6/10 train batch 500/1500 loss=0.2793
[train] epoch 6/10 train batch 1000/1500 loss=0.4291
[train] epoch 6/10 train batch 1500/1500 loss=0.3484
[train] epoch 6 validating (1582 batches)...
[train] epoch 6/10 train_loss=0.3476 val_loss=0.8419 val_f1=0.5607 patience=0/3 -> new best saved
[train] epoch 7/10 train batch 1/1500 loss=0.4464
[train] epoch 7/10 train batch 500/1500 loss=0.1698
[train] epoch 7/10 train batch 1000/1500 loss=0.3030
[train] epoch 7/10 train batch 1500/1500 loss=0.0975
[train] epoch 7 validating (1582 batches)...
[train] epoch 7/10 train_loss=0.3109 val_loss=0.9150 val_f1=0.5867 patience=0/3 -> new best saved
[train] epoch 8/10 train batch 1/1500 loss=0.1726
[train] epoch 8/10 train batch 500/1500 loss=0.6766
[train] epoch 8/10 train batch 1000/1500 loss=0.3830
[train] epoch 8/10 train batch 1500/1500 loss=0.1628
[train] epoch 8 validating (1582 batches)...
[train] epoch 8/10 train_loss=0.2774 val_loss=1.0031 val_f1=0.6063 patience=0/3 -> new best saved
[train] epoch 9/10 train batch 1/1500 loss=0.1364
[train] epoch 9/10 train batch 500/1500 loss=0.2140
[train] epoch 9/10 train batch 1000/1500 loss=0.2480
[train] epoch 9/10 train batch 1500/1500 loss=0.2145
[train] epoch 9 validating (1582 batches)...
[train] epoch 9/10 train_loss=0.2475 val_loss=1.1309 val_f1=0.5632 patience=1/3
[train] epoch 10/10 train batch 1/1500 loss=0.2378
[train] epoch 10/10 train batch 500/1500 loss=0.1319
[train] epoch 10/10 train batch 1000/1500 loss=0.3237
[train] epoch 10/10 train batch 1500/1500 loss=0.1240
[train] epoch 10 validating (1582 batches)...
[train] epoch 10/10 train_loss=0.2221 val_loss=1.2155 val_f1=0.5928 patience=2/3
[train] done distilbert_base seed=42 best_val_f1=0.6063 best_epoch=8 epochs_run=10
[sweep 24/32] phase=benchmark distilbert_base_lr3e-5_warmup_10pct_seed42 best_val_f1=0.6063 best_epoch=8
[benchmark] evaluating /lus/lfs1aip2/projects/b5ac/project_1/data/10_recipe_sweep_and_training/sweep/checkpoints/distilbert_base_lr3e-5_warmup_10pct_seed42 on 14395 BioRED test examples
[benchmark] batch 1/450 examples=32/14395
[benchmark] batch 45/450 examples=1440/14395
[benchmark] batch 90/450 examples=2880/14395
[benchmark] batch 135/450 examples=4320/14395
[benchmark] batch 180/450 examples=5760/14395
[benchmark] batch 225/450 examples=7200/14395
[benchmark] batch 270/450 examples=8640/14395
[benchmark] batch 315/450 examples=10080/14395
[benchmark] batch 360/450 examples=11520/14395
[benchmark] batch 405/450 examples=12960/14395
[benchmark] batch 450/450 examples=14395/14395
[benchmark] done f1=0.7131 precision=0.7529 recall=0.6773 n_positives=8875
[sweep 24/32] done distilbert_base_lr3e-5_warmup_10pct_seed42: benchmark_f1=0.7131 best_epoch=8 degenerate=False marker=/lus/lfs1aip2/projects/b5ac/project_1/data/10_recipe_sweep_and_training/sweep/results/distilbert_base_lr3e-5_warmup_10pct_seed42/sweep_complete.json
[sweep 25/32] start deberta_base_lr5e-6_none_seed42 model=DeBERTa-base lr=5e-06 warmup=none seed=42
[sweep 25/32] phase=train checkpoint_dir=/lus/lfs1aip2/projects/b5ac/project_1/data/10_recipe_sweep_and_training/sweep/checkpoints/deberta_base_lr5e-6_none_seed42
[train] start deberta_base seed=42 lr=5e-06 warmup=none train=24000 val=25311 -> /lus/lfs1aip2/projects/b5ac/project_1/data/10_recipe_sweep_and_training/sweep/checkpoints/deberta_base_lr5e-6_none_seed42
[train] device=cuda batch_size=16 max_epochs=10
Some weights of DebertaForSequenceClassification were not initialized from the model checkpoint at microsoft/deberta-base and are newly initialized: ['classifier.bias', 'classifier.weight', 'pooler.dense.bias', 'pooler.dense.weight']
You should probably TRAIN this model on a down-stream task to be able to use it for predictions and inference.
[train] epoch 1/10 train batch 1/1500 loss=0.7143
[train] epoch 1/10 train batch 500/1500 loss=0.7443
[train] epoch 1/10 train batch 1000/1500 loss=0.5563
[train] epoch 1/10 train batch 1500/1500 loss=0.6860
[train] epoch 1 validating (1582 batches)...
[train] epoch 1/10 train_loss=0.6178 val_loss=0.6410 val_f1=0.5137 patience=0/3 -> new best saved
[train] epoch 2/10 train batch 1/1500 loss=0.6141
[train] epoch 2/10 train batch 500/1500 loss=0.6141
[train] epoch 2/10 train batch 1000/1500 loss=0.5855
[train] epoch 2/10 train batch 1500/1500 loss=0.3789
[train] epoch 2 validating (1582 batches)...
[train] epoch 2/10 train_loss=0.5304 val_loss=0.6386 val_f1=0.6500 patience=0/3 -> new best saved
[train] epoch 3/10 train batch 1/1500 loss=0.4725
[train] epoch 3/10 train batch 500/1500 loss=0.4729
[train] epoch 3/10 train batch 1000/1500 loss=0.2819
[train] epoch 3/10 train batch 1500/1500 loss=0.5669
[train] epoch 3 validating (1582 batches)...
[train] epoch 3/10 train_loss=0.4793 val_loss=0.6592 val_f1=0.6139 patience=1/3
[train] epoch 4/10 train batch 1/1500 loss=0.3491
[train] epoch 4/10 train batch 500/1500 loss=0.4483
[train] epoch 4/10 train batch 1000/1500 loss=0.4875
[train] epoch 4/10 train batch 1500/1500 loss=0.4721
[train] epoch 4 validating (1582 batches)...
[train] epoch 4/10 train_loss=0.4399 val_loss=0.7112 val_f1=0.6075 patience=2/3
[train] epoch 5/10 train batch 1/1500 loss=0.4757
[train] epoch 5/10 train batch 500/1500 loss=0.3855
[train] epoch 5/10 train batch 1000/1500 loss=0.4396
[train] epoch 5/10 train batch 1500/1500 loss=0.5139
[train] epoch 5 validating (1582 batches)...
[train] epoch 5/10 train_loss=0.4106 val_loss=0.7049 val_f1=0.6647 patience=0/3 -> new best saved
[train] epoch 6/10 train batch 1/1500 loss=0.3104
[train] epoch 6/10 train batch 500/1500 loss=0.3589
[train] epoch 6/10 train batch 1000/1500 loss=0.7652
[train] epoch 6/10 train batch 1500/1500 loss=0.4271
[train] epoch 6 validating (1582 batches)...
[train] epoch 6/10 train_loss=0.3861 val_loss=0.7374 val_f1=0.6240 patience=1/3
[train] epoch 7/10 train batch 1/1500 loss=0.3437
[train] epoch 7/10 train batch 500/1500 loss=0.2523
[train] epoch 7/10 train batch 1000/1500 loss=0.2708
[train] epoch 7/10 train batch 1500/1500 loss=0.2102
[train] epoch 7 validating (1582 batches)...
[train] epoch 7/10 train_loss=0.3619 val_loss=0.8174 val_f1=0.6364 patience=2/3
[train] epoch 8/10 train batch 1/1500 loss=0.1416
[train] epoch 8/10 train batch 500/1500 loss=0.4774
[train] epoch 8/10 train batch 1000/1500 loss=0.4076
[train] epoch 8/10 train batch 1500/1500 loss=0.2021
[train] epoch 8 validating (1582 batches)...
[train] epoch 8/10 train_loss=0.3387 val_loss=0.7944 val_f1=0.6712 patience=0/3 -> new best saved
[train] epoch 9/10 train batch 1/1500 loss=0.3120
[train] epoch 9/10 train batch 500/1500 loss=0.2142
[train] epoch 9/10 train batch 1000/1500 loss=0.3102
[train] epoch 9/10 train batch 1500/1500 loss=0.4146
[train] epoch 9 validating (1582 batches)...
[train] epoch 9/10 train_loss=0.3235 val_loss=0.8561 val_f1=0.6829 patience=0/3 -> new best saved
[train] epoch 10/10 train batch 1/1500 loss=0.1117
[train] epoch 10/10 train batch 500/1500 loss=0.1296
[train] epoch 10/10 train batch 1000/1500 loss=0.2981
[train] epoch 10/10 train batch 1500/1500 loss=0.2259
[train] epoch 10 validating (1582 batches)...
[train] epoch 10/10 train_loss=0.3059 val_loss=0.8235 val_f1=0.6444 patience=1/3
[train] done deberta_base seed=42 best_val_f1=0.6829 best_epoch=9 epochs_run=10
[sweep 25/32] phase=benchmark deberta_base_lr5e-6_none_seed42 best_val_f1=0.6829 best_epoch=9
[benchmark] evaluating /lus/lfs1aip2/projects/b5ac/project_1/data/10_recipe_sweep_and_training/sweep/checkpoints/deberta_base_lr5e-6_none_seed42 on 14395 BioRED test examples
[benchmark] batch 1/450 examples=32/14395
[benchmark] batch 45/450 examples=1440/14395
[benchmark] batch 90/450 examples=2880/14395
[benchmark] batch 135/450 examples=4320/14395
[benchmark] batch 180/450 examples=5760/14395
[benchmark] batch 225/450 examples=7200/14395
[benchmark] batch 270/450 examples=8640/14395
[benchmark] batch 315/450 examples=10080/14395
[benchmark] batch 360/450 examples=11520/14395
[benchmark] batch 405/450 examples=12960/14395
[benchmark] batch 450/450 examples=14395/14395
[benchmark] done f1=0.7726 precision=0.7527 recall=0.7936 n_positives=8875
[sweep 25/32] done deberta_base_lr5e-6_none_seed42: benchmark_f1=0.7726 best_epoch=9 degenerate=False marker=/lus/lfs1aip2/projects/b5ac/project_1/data/10_recipe_sweep_and_training/sweep/results/deberta_base_lr5e-6_none_seed42/sweep_complete.json
[sweep 26/32] start deberta_base_lr5e-6_warmup_10pct_seed42 model=DeBERTa-base lr=5e-06 warmup=warmup_10pct seed=42
[sweep 26/32] phase=train checkpoint_dir=/lus/lfs1aip2/projects/b5ac/project_1/data/10_recipe_sweep_and_training/sweep/checkpoints/deberta_base_lr5e-6_warmup_10pct_seed42
[train] start deberta_base seed=42 lr=5e-06 warmup=warmup_10pct train=24000 val=25311 -> /lus/lfs1aip2/projects/b5ac/project_1/data/10_recipe_sweep_and_training/sweep/checkpoints/deberta_base_lr5e-6_warmup_10pct_seed42
[train] device=cuda batch_size=16 max_epochs=10
Some weights of DebertaForSequenceClassification were not initialized from the model checkpoint at microsoft/deberta-base and are newly initialized: ['classifier.bias', 'classifier.weight', 'pooler.dense.bias', 'pooler.dense.weight']
You should probably TRAIN this model on a down-stream task to be able to use it for predictions and inference.
[train] epoch 1/10 train batch 1/1500 loss=0.7143
[train] epoch 1/10 train batch 500/1500 loss=0.7185
[train] epoch 1/10 train batch 1000/1500 loss=0.6873
[train] epoch 1/10 train batch 1500/1500 loss=0.6851
[train] epoch 1 validating (1582 batches)...
[train] epoch 1/10 train_loss=0.6795 val_loss=0.6504 val_f1=0.6274 patience=0/3 -> new best saved
[train] epoch 2/10 train batch 1/1500 loss=0.6516
[train] epoch 2/10 train batch 500/1500 loss=0.5811
[train] epoch 2/10 train batch 1000/1500 loss=0.6604
[train] epoch 2/10 train batch 1500/1500 loss=0.4606
[train] epoch 2 validating (1582 batches)...
[train] epoch 2/10 train_loss=0.5886 val_loss=0.6090 val_f1=0.6094 patience=1/3
[train] epoch 3/10 train batch 1/1500 loss=0.5858
[train] epoch 3/10 train batch 500/1500 loss=0.4596
[train] epoch 3/10 train batch 1000/1500 loss=0.3540
[train] epoch 3/10 train batch 1500/1500 loss=0.5602
[train] epoch 3 validating (1582 batches)...
[train] epoch 3/10 train_loss=0.5178 val_loss=0.6381 val_f1=0.5665 patience=2/3
[train] epoch 4/10 train batch 1/1500 loss=0.3640
[train] epoch 4/10 train batch 500/1500 loss=0.5684
[train] epoch 4/10 train batch 1000/1500 loss=0.5184
[train] epoch 4/10 train batch 1500/1500 loss=0.3478
[train] epoch 4 validating (1582 batches)...
[train] epoch 4/10 train_loss=0.4660 val_loss=0.7024 val_f1=0.6381 patience=0/3 -> new best saved
[train] epoch 5/10 train batch 1/1500 loss=0.3592
[train] epoch 5/10 train batch 500/1500 loss=0.3512
[train] epoch 5/10 train batch 1000/1500 loss=0.3956
[train] epoch 5/10 train batch 1500/1500 loss=0.5659
[train] epoch 5 validating (1582 batches)...
[train] epoch 5/10 train_loss=0.4280 val_loss=0.7046 val_f1=0.6542 patience=0/3 -> new best saved
[train] epoch 6/10 train batch 1/1500 loss=0.3546
[train] epoch 6/10 train batch 500/1500 loss=0.4390
[train] epoch 6/10 train batch 1000/1500 loss=0.5595
[train] epoch 6/10 train batch 1500/1500 loss=0.3327
[train] epoch 6 validating (1582 batches)...
[train] epoch 6/10 train_loss=0.4032 val_loss=0.7324 val_f1=0.6601 patience=0/3 -> new best saved
[train] epoch 7/10 train batch 1/1500 loss=0.3949
[train] epoch 7/10 train batch 500/1500 loss=0.2909
[train] epoch 7/10 train batch 1000/1500 loss=0.3221
[train] epoch 7/10 train batch 1500/1500 loss=0.3146
[train] epoch 7 validating (1582 batches)...
[train] epoch 7/10 train_loss=0.3831 val_loss=0.7634 val_f1=0.6483 patience=1/3
[train] epoch 8/10 train batch 1/1500 loss=0.2558
[train] epoch 8/10 train batch 500/1500 loss=0.6749
[train] epoch 8/10 train batch 1000/1500 loss=0.4981
[train] epoch 8/10 train batch 1500/1500 loss=0.2603
[train] epoch 8 validating (1582 batches)...
[train] epoch 8/10 train_loss=0.3582 val_loss=0.7929 val_f1=0.6569 patience=2/3
[train] epoch 9/10 train batch 1/1500 loss=0.3138
[train] epoch 9/10 train batch 500/1500 loss=0.2358
[train] epoch 9/10 train batch 1000/1500 loss=0.2916
[train] epoch 9/10 train batch 1500/1500 loss=0.3412
[train] epoch 9 validating (1582 batches)...
[train] epoch 9/10 train_loss=0.3503 val_loss=0.8088 val_f1=0.6350 patience=3/3
[train] early stop at epoch 9 (no val_f1 improvement for 3 epochs)
[train] done deberta_base seed=42 best_val_f1=0.6601 best_epoch=6 epochs_run=9
[sweep 26/32] phase=benchmark deberta_base_lr5e-6_warmup_10pct_seed42 best_val_f1=0.6601 best_epoch=6
[benchmark] evaluating /lus/lfs1aip2/projects/b5ac/project_1/data/10_recipe_sweep_and_training/sweep/checkpoints/deberta_base_lr5e-6_warmup_10pct_seed42 on 14395 BioRED test examples
[benchmark] batch 1/450 examples=32/14395
[benchmark] batch 45/450 examples=1440/14395
[benchmark] batch 90/450 examples=2880/14395
[benchmark] batch 135/450 examples=4320/14395
[benchmark] batch 180/450 examples=5760/14395
[benchmark] batch 225/450 examples=7200/14395
[benchmark] batch 270/450 examples=8640/14395
[benchmark] batch 315/450 examples=10080/14395
[benchmark] batch 360/450 examples=11520/14395
[benchmark] batch 405/450 examples=12960/14395
[benchmark] batch 450/450 examples=14395/14395
[benchmark] done f1=0.7594 precision=0.7867 recall=0.7340 n_positives=8875
[sweep 26/32] done deberta_base_lr5e-6_warmup_10pct_seed42: benchmark_f1=0.7594 best_epoch=6 degenerate=False marker=/lus/lfs1aip2/projects/b5ac/project_1/data/10_recipe_sweep_and_training/sweep/results/deberta_base_lr5e-6_warmup_10pct_seed42/sweep_complete.json
[sweep 27/32] start deberta_base_lr1e-5_none_seed42 model=DeBERTa-base lr=1e-05 warmup=none seed=42
[sweep 27/32] phase=train checkpoint_dir=/lus/lfs1aip2/projects/b5ac/project_1/data/10_recipe_sweep_and_training/sweep/checkpoints/deberta_base_lr1e-5_none_seed42
[train] start deberta_base seed=42 lr=1e-05 warmup=none train=24000 val=25311 -> /lus/lfs1aip2/projects/b5ac/project_1/data/10_recipe_sweep_and_training/sweep/checkpoints/deberta_base_lr1e-5_none_seed42
[train] device=cuda batch_size=16 max_epochs=10
Some weights of DebertaForSequenceClassification were not initialized from the model checkpoint at microsoft/deberta-base and are newly initialized: ['classifier.bias', 'classifier.weight', 'pooler.dense.bias', 'pooler.dense.weight']
You should probably TRAIN this model on a down-stream task to be able to use it for predictions and inference.
[train] epoch 1/10 train batch 1/1500 loss=0.7143
[train] epoch 1/10 train batch 500/1500 loss=0.6729
[train] epoch 1/10 train batch 1000/1500 loss=0.6873
[train] epoch 1/10 train batch 1500/1500 loss=0.7813
[train] epoch 1 validating (1582 batches)...
[train] epoch 1/10 train_loss=0.6518 val_loss=0.6618 val_f1=0.4599 patience=0/3 -> new best saved
[train] epoch 2/10 train batch 1/1500 loss=0.5421
[train] epoch 2/10 train batch 500/1500 loss=0.6360
[train] epoch 2/10 train batch 1000/1500 loss=0.4677
[train] epoch 2/10 train batch 1500/1500 loss=0.4542
[train] epoch 2 validating (1582 batches)...
[train] epoch 2/10 train_loss=0.5332 val_loss=0.6224 val_f1=0.5767 patience=0/3 -> new best saved
[train] epoch 3/10 train batch 1/1500 loss=0.5564
[train] epoch 3/10 train batch 500/1500 loss=0.4533
[train] epoch 3/10 train batch 1000/1500 loss=0.2213
[train] epoch 3/10 train batch 1500/1500 loss=0.6138
[train] epoch 3 validating (1582 batches)...
[train] epoch 3/10 train_loss=0.4677 val_loss=0.6725 val_f1=0.5383 patience=1/3
[train] epoch 4/10 train batch 1/1500 loss=0.2699
[train] epoch 4/10 train batch 500/1500 loss=0.5207
[train] epoch 4/10 train batch 1000/1500 loss=0.5460
[train] epoch 4/10 train batch 1500/1500 loss=0.3858
[train] epoch 4 validating (1582 batches)...
[train] epoch 4/10 train_loss=0.4220 val_loss=0.7601 val_f1=0.6421 patience=0/3 -> new best saved
[train] epoch 5/10 train batch 1/1500 loss=0.4300
[train] epoch 5/10 train batch 500/1500 loss=0.4971
[train] epoch 5/10 train batch 1000/1500 loss=0.4412
[train] epoch 5/10 train batch 1500/1500 loss=0.3948
[train] epoch 5 validating (1582 batches)...
[train] epoch 5/10 train_loss=0.3876 val_loss=0.7926 val_f1=0.6692 patience=0/3 -> new best saved
[train] epoch 6/10 train batch 1/1500 loss=0.3306
[train] epoch 6/10 train batch 500/1500 loss=0.3583
[train] epoch 6/10 train batch 1000/1500 loss=0.6527
[train] epoch 6/10 train batch 1500/1500 loss=0.3115
[train] epoch 6 validating (1582 batches)...
[train] epoch 6/10 train_loss=0.3617 val_loss=0.7394 val_f1=0.6077 patience=1/3
[train] epoch 7/10 train batch 1/1500 loss=0.2763
[train] epoch 7/10 train batch 500/1500 loss=0.1736
[train] epoch 7/10 train batch 1000/1500 loss=0.2854
[train] epoch 7/10 train batch 1500/1500 loss=0.2619
[train] epoch 7 validating (1582 batches)...
[train] epoch 7/10 train_loss=0.3422 val_loss=0.8201 val_f1=0.6493 patience=2/3
[train] epoch 8/10 train batch 1/1500 loss=0.1690
[train] epoch 8/10 train batch 500/1500 loss=0.3858
[train] epoch 8/10 train batch 1000/1500 loss=0.4562
[train] epoch 8/10 train batch 1500/1500 loss=0.2090
[train] epoch 8 validating (1582 batches)...
[train] epoch 8/10 train_loss=0.3174 val_loss=0.7826 val_f1=0.6374 patience=3/3
[train] early stop at epoch 8 (no val_f1 improvement for 3 epochs)
[train] done deberta_base seed=42 best_val_f1=0.6692 best_epoch=5 epochs_run=8
[sweep 27/32] phase=benchmark deberta_base_lr1e-5_none_seed42 best_val_f1=0.6692 best_epoch=5
[benchmark] evaluating /lus/lfs1aip2/projects/b5ac/project_1/data/10_recipe_sweep_and_training/sweep/checkpoints/deberta_base_lr1e-5_none_seed42 on 14395 BioRED test examples
[benchmark] batch 1/450 examples=32/14395
[benchmark] batch 45/450 examples=1440/14395
[benchmark] batch 90/450 examples=2880/14395
[benchmark] batch 135/450 examples=4320/14395
[benchmark] batch 180/450 examples=5760/14395
[benchmark] batch 225/450 examples=7200/14395
[benchmark] batch 270/450 examples=8640/14395
[benchmark] batch 315/450 examples=10080/14395
[benchmark] batch 360/450 examples=11520/14395
[benchmark] batch 405/450 examples=12960/14395
[benchmark] batch 450/450 examples=14395/14395
[benchmark] done f1=0.7737 precision=0.7734 recall=0.7741 n_positives=8875
[sweep 27/32] done deberta_base_lr1e-5_none_seed42: benchmark_f1=0.7737 best_epoch=5 degenerate=False marker=/lus/lfs1aip2/projects/b5ac/project_1/data/10_recipe_sweep_and_training/sweep/results/deberta_base_lr1e-5_none_seed42/sweep_complete.json
[sweep 28/32] start deberta_base_lr1e-5_warmup_10pct_seed42 model=DeBERTa-base lr=1e-05 warmup=warmup_10pct seed=42
[sweep 28/32] phase=train checkpoint_dir=/lus/lfs1aip2/projects/b5ac/project_1/data/10_recipe_sweep_and_training/sweep/checkpoints/deberta_base_lr1e-5_warmup_10pct_seed42
[train] start deberta_base seed=42 lr=1e-05 warmup=warmup_10pct train=24000 val=25311 -> /lus/lfs1aip2/projects/b5ac/project_1/data/10_recipe_sweep_and_training/sweep/checkpoints/deberta_base_lr1e-5_warmup_10pct_seed42
[train] device=cuda batch_size=16 max_epochs=10
Some weights of DebertaForSequenceClassification were not initialized from the model checkpoint at microsoft/deberta-base and are newly initialized: ['classifier.bias', 'classifier.weight', 'pooler.dense.bias', 'pooler.dense.weight']
You should probably TRAIN this model on a down-stream task to be able to use it for predictions and inference.
[train] epoch 1/10 train batch 1/1500 loss=0.7143
[train] epoch 1/10 train batch 500/1500 loss=0.7023
[train] epoch 1/10 train batch 1000/1500 loss=0.6658
[train] epoch 1/10 train batch 1500/1500 loss=0.7138
[train] epoch 1 validating (1582 batches)...
[train] epoch 1/10 train_loss=0.6704 val_loss=0.6437 val_f1=0.5384 patience=0/3 -> new best saved
[train] epoch 2/10 train batch 1/1500 loss=0.5732
[train] epoch 2/10 train batch 500/1500 loss=0.5940
[train] epoch 2/10 train batch 1000/1500 loss=0.5910
[train] epoch 2/10 train batch 1500/1500 loss=0.4688
[train] epoch 2 validating (1582 batches)...
[train] epoch 2/10 train_loss=0.5660 val_loss=0.6233 val_f1=0.6344 patience=0/3 -> new best saved
[train] epoch 3/10 train batch 1/1500 loss=0.5079
[train] epoch 3/10 train batch 500/1500 loss=0.5944
[train] epoch 3/10 train batch 1000/1500 loss=0.3202
[train] epoch 3/10 train batch 1500/1500 loss=0.4939
[train] epoch 3 validating (1582 batches)...
[train] epoch 3/10 train_loss=0.4887 val_loss=0.6492 val_f1=0.5744 patience=1/3
[train] epoch 4/10 train batch 1/1500 loss=0.4290
[train] epoch 4/10 train batch 500/1500 loss=0.5149
[train] epoch 4/10 train batch 1000/1500 loss=0.5373
[train] epoch 4/10 train batch 1500/1500 loss=0.3209
[train] epoch 4 validating (1582 batches)...
[train] epoch 4/10 train_loss=0.4334 val_loss=0.6993 val_f1=0.6329 patience=2/3
[train] epoch 5/10 train batch 1/1500 loss=0.4124
[train] epoch 5/10 train batch 500/1500 loss=0.2792
[train] epoch 5/10 train batch 1000/1500 loss=0.4644
[train] epoch 5/10 train batch 1500/1500 loss=0.3536
[train] epoch 5 validating (1582 batches)...
[train] epoch 5/10 train_loss=0.3943 val_loss=0.7489 val_f1=0.6595 patience=0/3 -> new best saved
[train] epoch 6/10 train batch 1/1500 loss=0.3517
[train] epoch 6/10 train batch 500/1500 loss=0.3507
[train] epoch 6/10 train batch 1000/1500 loss=0.6061
[train] epoch 6/10 train batch 1500/1500 loss=0.3364
[train] epoch 6 validating (1582 batches)...
[train] epoch 6/10 train_loss=0.3608 val_loss=0.7414 val_f1=0.6222 patience=1/3
[train] epoch 7/10 train batch 1/1500 loss=0.3841
[train] epoch 7/10 train batch 500/1500 loss=0.2177
[train] epoch 7/10 train batch 1000/1500 loss=0.2625
[train] epoch 7/10 train batch 1500/1500 loss=0.1636
[train] epoch 7 validating (1582 batches)...
[train] epoch 7/10 train_loss=0.3340 val_loss=0.8262 val_f1=0.6612 patience=0/3 -> new best saved
[train] epoch 8/10 train batch 1/1500 loss=0.1348
[train] epoch 8/10 train batch 500/1500 loss=0.3891
[train] epoch 8/10 train batch 1000/1500 loss=0.4597
[train] epoch 8/10 train batch 1500/1500 loss=0.1722
[train] epoch 8 validating (1582 batches)...
[train] epoch 8/10 train_loss=0.3083 val_loss=0.8571 val_f1=0.6546 patience=1/3
[train] epoch 9/10 train batch 1/1500 loss=0.2315
[train] epoch 9/10 train batch 500/1500 loss=0.1476
[train] epoch 9/10 train batch 1000/1500 loss=0.2705
[train] epoch 9/10 train batch 1500/1500 loss=0.3898
[train] epoch 9 validating (1582 batches)...
[train] epoch 9/10 train_loss=0.2883 val_loss=0.9248 val_f1=0.6486 patience=2/3
[train] epoch 10/10 train batch 1/1500 loss=0.0713
[train] epoch 10/10 train batch 500/1500 loss=0.2321
[train] epoch 10/10 train batch 1000/1500 loss=0.2642
[train] epoch 10/10 train batch 1500/1500 loss=0.1852
[train] epoch 10 validating (1582 batches)...
[train] epoch 10/10 train_loss=0.2721 val_loss=0.9432 val_f1=0.6525 patience=3/3
[train] early stop at epoch 10 (no val_f1 improvement for 3 epochs)
[train] done deberta_base seed=42 best_val_f1=0.6612 best_epoch=7 epochs_run=10
[sweep 28/32] phase=benchmark deberta_base_lr1e-5_warmup_10pct_seed42 best_val_f1=0.6612 best_epoch=7
[benchmark] evaluating /lus/lfs1aip2/projects/b5ac/project_1/data/10_recipe_sweep_and_training/sweep/checkpoints/deberta_base_lr1e-5_warmup_10pct_seed42 on 14395 BioRED test examples
[benchmark] batch 1/450 examples=32/14395
[benchmark] batch 45/450 examples=1440/14395
[benchmark] batch 90/450 examples=2880/14395
[benchmark] batch 135/450 examples=4320/14395
[benchmark] batch 180/450 examples=5760/14395
[benchmark] batch 225/450 examples=7200/14395
[benchmark] batch 270/450 examples=8640/14395
[benchmark] batch 315/450 examples=10080/14395
[benchmark] batch 360/450 examples=11520/14395
[benchmark] batch 405/450 examples=12960/14395
[benchmark] batch 450/450 examples=14395/14395
[benchmark] done f1=0.7648 precision=0.7743 recall=0.7556 n_positives=8875
[sweep 28/32] done deberta_base_lr1e-5_warmup_10pct_seed42: benchmark_f1=0.7648 best_epoch=7 degenerate=False marker=/lus/lfs1aip2/projects/b5ac/project_1/data/10_recipe_sweep_and_training/sweep/results/deberta_base_lr1e-5_warmup_10pct_seed42/sweep_complete.json
[sweep 29/32] start deberta_base_lr2e-5_none_seed42 model=DeBERTa-base lr=2e-05 warmup=none seed=42
[sweep 29/32] phase=train checkpoint_dir=/lus/lfs1aip2/projects/b5ac/project_1/data/10_recipe_sweep_and_training/sweep/checkpoints/deberta_base_lr2e-5_none_seed42
[train] start deberta_base seed=42 lr=2e-05 warmup=none train=24000 val=25311 -> /lus/lfs1aip2/projects/b5ac/project_1/data/10_recipe_sweep_and_training/sweep/checkpoints/deberta_base_lr2e-5_none_seed42
[train] device=cuda batch_size=16 max_epochs=10
Some weights of DebertaForSequenceClassification were not initialized from the model checkpoint at microsoft/deberta-base and are newly initialized: ['classifier.bias', 'classifier.weight', 'pooler.dense.bias', 'pooler.dense.weight']
You should probably TRAIN this model on a down-stream task to be able to use it for predictions and inference.
[train] epoch 1/10 train batch 1/1500 loss=0.7143
[train] epoch 1/10 train batch 500/1500 loss=0.7104
[train] epoch 1/10 train batch 1000/1500 loss=0.6132
[train] epoch 1/10 train batch 1500/1500 loss=0.6784
[train] epoch 1 validating (1582 batches)...
[train] epoch 1/10 train_loss=0.6728 val_loss=0.6626 val_f1=0.5037 patience=0/3 -> new best saved
[train] epoch 2/10 train batch 1/1500 loss=0.5521
[train] epoch 2/10 train batch 500/1500 loss=0.5598
[train] epoch 2/10 train batch 1000/1500 loss=0.7471
[train] epoch 2/10 train batch 1500/1500 loss=0.4599
[train] epoch 2 validating (1582 batches)...
[train] epoch 2/10 train_loss=0.6039 val_loss=0.6442 val_f1=0.6088 patience=0/3 -> new best saved
[train] epoch 3/10 train batch 1/1500 loss=0.5845
[train] epoch 3/10 train batch 500/1500 loss=0.6931
[train] epoch 3/10 train batch 1000/1500 loss=0.3994
[train] epoch 3/10 train batch 1500/1500 loss=0.5095
[train] epoch 3 validating (1582 batches)...
[train] epoch 3/10 train_loss=0.5527 val_loss=0.6610 val_f1=0.4598 patience=1/3
[train] epoch 4/10 train batch 1/1500 loss=0.4753
[train] epoch 4/10 train batch 500/1500 loss=0.5560
[train] epoch 4/10 train batch 1000/1500 loss=0.4410
[train] epoch 4/10 train batch 1500/1500 loss=0.4625
[train] epoch 4 validating (1582 batches)...
[train] epoch 4/10 train_loss=0.5076 val_loss=0.6824 val_f1=0.5601 patience=2/3
[train] epoch 5/10 train batch 1/1500 loss=0.4196
[train] epoch 5/10 train batch 500/1500 loss=0.4895
[train] epoch 5/10 train batch 1000/1500 loss=0.4207
[train] epoch 5/10 train batch 1500/1500 loss=0.5755
[train] epoch 5 validating (1582 batches)...
[train] epoch 5/10 train_loss=0.4735 val_loss=0.7171 val_f1=0.5496 patience=3/3
[train] early stop at epoch 5 (no val_f1 improvement for 3 epochs)
[train] done deberta_base seed=42 best_val_f1=0.6088 best_epoch=2 epochs_run=5
[sweep 29/32] phase=benchmark deberta_base_lr2e-5_none_seed42 best_val_f1=0.6088 best_epoch=2
[benchmark] evaluating /lus/lfs1aip2/projects/b5ac/project_1/data/10_recipe_sweep_and_training/sweep/checkpoints/deberta_base_lr2e-5_none_seed42 on 14395 BioRED test examples
[benchmark] batch 1/450 examples=32/14395
[benchmark] batch 45/450 examples=1440/14395
[benchmark] batch 90/450 examples=2880/14395
[benchmark] batch 135/450 examples=4320/14395
[benchmark] batch 180/450 examples=5760/14395
[benchmark] batch 225/450 examples=7200/14395
[benchmark] batch 270/450 examples=8640/14395
[benchmark] batch 315/450 examples=10080/14395
[benchmark] batch 360/450 examples=11520/14395
[benchmark] batch 405/450 examples=12960/14395
[benchmark] batch 450/450 examples=14395/14395
[benchmark] done f1=0.7206 precision=0.7303 recall=0.7112 n_positives=8875
[sweep 29/32] done deberta_base_lr2e-5_none_seed42: benchmark_f1=0.7206 best_epoch=2 degenerate=False marker=/lus/lfs1aip2/projects/b5ac/project_1/data/10_recipe_sweep_and_training/sweep/results/deberta_base_lr2e-5_none_seed42/sweep_complete.json
[sweep 30/32] start deberta_base_lr2e-5_warmup_10pct_seed42 model=DeBERTa-base lr=2e-05 warmup=warmup_10pct seed=42
[sweep 30/32] phase=train checkpoint_dir=/lus/lfs1aip2/projects/b5ac/project_1/data/10_recipe_sweep_and_training/sweep/checkpoints/deberta_base_lr2e-5_warmup_10pct_seed42
[train] start deberta_base seed=42 lr=2e-05 warmup=warmup_10pct train=24000 val=25311 -> /lus/lfs1aip2/projects/b5ac/project_1/data/10_recipe_sweep_and_training/sweep/checkpoints/deberta_base_lr2e-5_warmup_10pct_seed42
[train] device=cuda batch_size=16 max_epochs=10
Some weights of DebertaForSequenceClassification were not initialized from the model checkpoint at microsoft/deberta-base and are newly initialized: ['classifier.bias', 'classifier.weight', 'pooler.dense.bias', 'pooler.dense.weight']
You should probably TRAIN this model on a down-stream task to be able to use it for predictions and inference.
[train] epoch 1/10 train batch 1/1500 loss=0.7143
[train] epoch 1/10 train batch 500/1500 loss=0.6819
[train] epoch 1/10 train batch 1000/1500 loss=0.6149
[train] epoch 1/10 train batch 1500/1500 loss=0.7353
[train] epoch 1 validating (1582 batches)...
[train] epoch 1/10 train_loss=0.6744 val_loss=0.6494 val_f1=0.5059 patience=0/3 -> new best saved
[train] epoch 2/10 train batch 1/1500 loss=0.6499
[train] epoch 2/10 train batch 500/1500 loss=0.5418
[train] epoch 2/10 train batch 1000/1500 loss=0.5692
[train] epoch 2/10 train batch 1500/1500 loss=0.5807
[train] epoch 2 validating (1582 batches)...
[train] epoch 2/10 train_loss=0.6170 val_loss=0.6171 val_f1=0.5652 patience=0/3 -> new best saved
[train] epoch 3/10 train batch 1/1500 loss=0.5839
[train] epoch 3/10 train batch 500/1500 loss=0.6224
[train] epoch 3/10 train batch 1000/1500 loss=0.3817
[train] epoch 3/10 train batch 1500/1500 loss=0.6095
[train] epoch 3 validating (1582 batches)...
[train] epoch 3/10 train_loss=0.5282 val_loss=0.6465 val_f1=0.5236 patience=1/3
[train] epoch 4/10 train batch 1/1500 loss=0.3582
[train] epoch 4/10 train batch 500/1500 loss=0.4874
[train] epoch 4/10 train batch 1000/1500 loss=0.5654
[train] epoch 4/10 train batch 1500/1500 loss=0.5189
[train] epoch 4 validating (1582 batches)...
[train] epoch 4/10 train_loss=0.4585 val_loss=0.7048 val_f1=0.5723 patience=0/3 -> new best saved
[train] epoch 5/10 train batch 1/1500 loss=0.3560
[train] epoch 5/10 train batch 500/1500 loss=0.2898
[train] epoch 5/10 train batch 1000/1500 loss=0.4279
[train] epoch 5/10 train batch 1500/1500 loss=0.6252
[train] epoch 5 validating (1582 batches)...
[train] epoch 5/10 train_loss=0.4134 val_loss=0.7672 val_f1=0.5920 patience=0/3 -> new best saved
[train] epoch 6/10 train batch 1/1500 loss=0.3570
[train] epoch 6/10 train batch 500/1500 loss=0.3843
[train] epoch 6/10 train batch 1000/1500 loss=0.6289
[train] epoch 6/10 train batch 1500/1500 loss=0.2836
[train] epoch 6 validating (1582 batches)...
[train] epoch 6/10 train_loss=0.3670 val_loss=0.7587 val_f1=0.5763 patience=1/3
[train] epoch 7/10 train batch 1/1500 loss=0.3514
[train] epoch 7/10 train batch 500/1500 loss=0.2881
[train] epoch 7/10 train batch 1000/1500 loss=0.2743
[train] epoch 7/10 train batch 1500/1500 loss=0.2356
[train] epoch 7 validating (1582 batches)...
[train] epoch 7/10 train_loss=0.3295 val_loss=0.7968 val_f1=0.6184 patience=0/3 -> new best saved
[train] epoch 8/10 train batch 1/1500 loss=0.2090
[train] epoch 8/10 train batch 500/1500 loss=0.4121
[train] epoch 8/10 train batch 1000/1500 loss=0.5283
[train] epoch 8/10 train batch 1500/1500 loss=0.2066
[train] epoch 8 validating (1582 batches)...
[train] epoch 8/10 train_loss=0.2956 val_loss=0.8117 val_f1=0.6002 patience=1/3
[train] epoch 9/10 train batch 1/1500 loss=0.2527
[train] epoch 9/10 train batch 500/1500 loss=0.3447
[train] epoch 9/10 train batch 1000/1500 loss=0.2192
[train] epoch 9/10 train batch 1500/1500 loss=0.2454
[train] epoch 9 validating (1582 batches)...
[train] epoch 9/10 train_loss=0.2712 val_loss=0.9068 val_f1=0.6225 patience=0/3 -> new best saved
[train] epoch 10/10 train batch 1/1500 loss=0.1220
[train] epoch 10/10 train batch 500/1500 loss=0.1869
[train] epoch 10/10 train batch 1000/1500 loss=0.1956
[train] epoch 10/10 train batch 1500/1500 loss=0.1865
[train] epoch 10 validating (1582 batches)...
[train] epoch 10/10 train_loss=0.2455 val_loss=0.9802 val_f1=0.6192 patience=1/3
[train] done deberta_base seed=42 best_val_f1=0.6225 best_epoch=9 epochs_run=10
[sweep 30/32] phase=benchmark deberta_base_lr2e-5_warmup_10pct_seed42 best_val_f1=0.6225 best_epoch=9
[benchmark] evaluating /lus/lfs1aip2/projects/b5ac/project_1/data/10_recipe_sweep_and_training/sweep/checkpoints/deberta_base_lr2e-5_warmup_10pct_seed42 on 14395 BioRED test examples
[benchmark] batch 1/450 examples=32/14395
[benchmark] batch 45/450 examples=1440/14395
[benchmark] batch 90/450 examples=2880/14395
[benchmark] batch 135/450 examples=4320/14395
[benchmark] batch 180/450 examples=5760/14395
[benchmark] batch 225/450 examples=7200/14395
[benchmark] batch 270/450 examples=8640/14395
[benchmark] batch 315/450 examples=10080/14395
[benchmark] batch 360/450 examples=11520/14395
[benchmark] batch 405/450 examples=12960/14395
[benchmark] batch 450/450 examples=14395/14395
[benchmark] done f1=0.7384 precision=0.7694 recall=0.7097 n_positives=8875
[sweep 30/32] done deberta_base_lr2e-5_warmup_10pct_seed42: benchmark_f1=0.7384 best_epoch=9 degenerate=False marker=/lus/lfs1aip2/projects/b5ac/project_1/data/10_recipe_sweep_and_training/sweep/results/deberta_base_lr2e-5_warmup_10pct_seed42/sweep_complete.json
[sweep 31/32] start deberta_base_lr3e-5_none_seed42 model=DeBERTa-base lr=3e-05 warmup=none seed=42
[sweep 31/32] phase=train checkpoint_dir=/lus/lfs1aip2/projects/b5ac/project_1/data/10_recipe_sweep_and_training/sweep/checkpoints/deberta_base_lr3e-5_none_seed42
[train] start deberta_base seed=42 lr=3e-05 warmup=none train=24000 val=25311 -> /lus/lfs1aip2/projects/b5ac/project_1/data/10_recipe_sweep_and_training/sweep/checkpoints/deberta_base_lr3e-5_none_seed42
[train] device=cuda batch_size=16 max_epochs=10
Some weights of DebertaForSequenceClassification were not initialized from the model checkpoint at microsoft/deberta-base and are newly initialized: ['classifier.bias', 'classifier.weight', 'pooler.dense.bias', 'pooler.dense.weight']
You should probably TRAIN this model on a down-stream task to be able to use it for predictions and inference.
[train] epoch 1/10 train batch 1/1500 loss=0.7143
[train] epoch 1/10 train batch 500/1500 loss=0.6828
[train] epoch 1/10 train batch 1000/1500 loss=0.6966
[train] epoch 1/10 train batch 1500/1500 loss=0.6990
[train] epoch 1 validating (1582 batches)...
[train] epoch 1/10 train_loss=0.6945 val_loss=0.6934 val_f1=0.0000 patience=0/3 -> new best saved
[train] epoch 2/10 train batch 1/1500 loss=0.7091
[train] epoch 2/10 train batch 500/1500 loss=0.7002
[train] epoch 2/10 train batch 1000/1500 loss=0.6901
[train] epoch 2/10 train batch 1500/1500 loss=0.6790
[train] epoch 2 validating (1582 batches)...
[train] epoch 2/10 train_loss=0.6937 val_loss=0.6932 val_f1=0.0000 patience=1/3
[train] epoch 3/10 train batch 1/1500 loss=0.6673
[train] epoch 3/10 train batch 500/1500 loss=0.6887
[train] epoch 3/10 train batch 1000/1500 loss=0.7002
[train] epoch 3/10 train batch 1500/1500 loss=0.6926
[train] epoch 3 validating (1582 batches)...
[train] epoch 3/10 train_loss=0.6934 val_loss=0.6931 val_f1=0.0000 patience=2/3
[train] epoch 4/10 train batch 1/1500 loss=0.6969
[train] epoch 4/10 train batch 500/1500 loss=0.7038
[train] epoch 4/10 train batch 1000/1500 loss=0.6955
[train] epoch 4/10 train batch 1500/1500 loss=0.7005
[train] epoch 4 validating (1582 batches)...
[train] epoch 4/10 train_loss=0.6937 val_loss=0.6936 val_f1=0.0000 patience=3/3
[train] early stop at epoch 4 (no val_f1 improvement for 3 epochs)
[train] done deberta_base seed=42 best_val_f1=0.0000 best_epoch=1 epochs_run=4
[sweep 31/32] phase=benchmark deberta_base_lr3e-5_none_seed42 best_val_f1=0.0000 best_epoch=1
[benchmark] evaluating /lus/lfs1aip2/projects/b5ac/project_1/data/10_recipe_sweep_and_training/sweep/checkpoints/deberta_base_lr3e-5_none_seed42 on 14395 BioRED test examples
[benchmark] batch 1/450 examples=32/14395
[benchmark] batch 45/450 examples=1440/14395
[benchmark] batch 90/450 examples=2880/14395
[benchmark] batch 135/450 examples=4320/14395
[benchmark] batch 180/450 examples=5760/14395
[benchmark] batch 225/450 examples=7200/14395
[benchmark] batch 270/450 examples=8640/14395
[benchmark] batch 315/450 examples=10080/14395
[benchmark] batch 360/450 examples=11520/14395
[benchmark] batch 405/450 examples=12960/14395
[benchmark] batch 450/450 examples=14395/14395
[benchmark] done f1=0.0000 precision=0.0000 recall=0.0000 n_positives=8875
[sweep 31/32] done deberta_base_lr3e-5_none_seed42: benchmark_f1=0.0000 best_epoch=1 degenerate=True marker=/lus/lfs1aip2/projects/b5ac/project_1/data/10_recipe_sweep_and_training/sweep/results/deberta_base_lr3e-5_none_seed42/sweep_complete.json
[sweep 31/32] bad-seed guard triggered for deberta_base_lr3e-5_none_seed42; re-running with seeds (43, 44)
[sweep 31/32] guard run 1/2 seed=43
[sweep 31/32] start (bad-seed guard) deberta_base_lr3e-5_none_seed43 model=DeBERTa-base lr=3e-05 warmup=none seed=43
[sweep 31/32] phase=train checkpoint_dir=/lus/lfs1aip2/projects/b5ac/project_1/data/10_recipe_sweep_and_training/sweep/checkpoints/deberta_base_lr3e-5_none_seed43
[train] start deberta_base seed=43 lr=3e-05 warmup=none train=24000 val=25311 -> /lus/lfs1aip2/projects/b5ac/project_1/data/10_recipe_sweep_and_training/sweep/checkpoints/deberta_base_lr3e-5_none_seed43
[train] device=cuda batch_size=16 max_epochs=10
Some weights of DebertaForSequenceClassification were not initialized from the model checkpoint at microsoft/deberta-base and are newly initialized: ['classifier.bias', 'classifier.weight', 'pooler.dense.bias', 'pooler.dense.weight']
You should probably TRAIN this model on a down-stream task to be able to use it for predictions and inference.
[train] epoch 1/10 train batch 1/1500 loss=0.7141
[train] epoch 1/10 train batch 500/1500 loss=0.6763
[train] epoch 1/10 train batch 1000/1500 loss=0.8062
[train] epoch 1/10 train batch 1500/1500 loss=0.4757
[train] epoch 1 validating (1582 batches)...
[train] epoch 1/10 train_loss=0.6176 val_loss=0.6198 val_f1=0.5417 patience=0/3 -> new best saved
[train] epoch 2/10 train batch 1/1500 loss=0.6021
[train] epoch 2/10 train batch 500/1500 loss=0.5355
[train] epoch 2/10 train batch 1000/1500 loss=0.6183
[train] epoch 2/10 train batch 1500/1500 loss=0.3948
[train] epoch 2 validating (1582 batches)...
[train] epoch 2/10 train_loss=0.5242 val_loss=0.6656 val_f1=0.4492 patience=1/3
[train] epoch 3/10 train batch 1/1500 loss=0.7052
[train] epoch 3/10 train batch 500/1500 loss=0.3240
[train] epoch 3/10 train batch 1000/1500 loss=0.3892
[train] epoch 3/10 train batch 1500/1500 loss=0.3648
[train] epoch 3 validating (1582 batches)...
[train] epoch 3/10 train_loss=0.4591 val_loss=0.7001 val_f1=0.5775 patience=0/3 -> new best saved
[train] epoch 4/10 train batch 1/1500 loss=0.3005
[train] epoch 4/10 train batch 500/1500 loss=0.5290
[train] epoch 4/10 train batch 1000/1500 loss=0.4314
[train] epoch 4/10 train batch 1500/1500 loss=0.2545
[train] epoch 4 validating (1582 batches)...
[train] epoch 4/10 train_loss=0.4187 val_loss=0.7010 val_f1=0.6103 patience=0/3 -> new best saved
[train] epoch 5/10 train batch 1/1500 loss=0.3657
[train] epoch 5/10 train batch 500/1500 loss=0.5128
[train] epoch 5/10 train batch 1000/1500 loss=0.3840
[train] epoch 5/10 train batch 1500/1500 loss=0.2609
[train] epoch 5 validating (1582 batches)...
[train] epoch 5/10 train_loss=0.3801 val_loss=0.6357 val_f1=0.6135 patience=0/3 -> new best saved
[train] epoch 6/10 train batch 1/1500 loss=0.3926
[train] epoch 6/10 train batch 500/1500 loss=0.6490
[train] epoch 6/10 train batch 1000/1500 loss=0.2878
[train] epoch 6/10 train batch 1500/1500 loss=0.3440
[train] epoch 6 validating (1582 batches)...
[train] epoch 6/10 train_loss=0.3512 val_loss=0.9190 val_f1=0.5858 patience=1/3
[train] epoch 7/10 train batch 1/1500 loss=0.3769
[train] epoch 7/10 train batch 500/1500 loss=0.1570
[train] epoch 7/10 train batch 1000/1500 loss=0.2026
[train] epoch 7/10 train batch 1500/1500 loss=0.1246
[train] epoch 7 validating (1582 batches)...
[train] epoch 7/10 train_loss=0.3279 val_loss=0.8469 val_f1=0.5791 patience=2/3
[train] epoch 8/10 train batch 1/1500 loss=0.2498
[train] epoch 8/10 train batch 500/1500 loss=0.3408
[train] epoch 8/10 train batch 1000/1500 loss=0.1446
[train] epoch 8/10 train batch 1500/1500 loss=0.3646
[train] epoch 8 validating (1582 batches)...
[train] epoch 8/10 train_loss=0.3033 val_loss=0.7903 val_f1=0.5380 patience=3/3
[train] early stop at epoch 8 (no val_f1 improvement for 3 epochs)
[train] done deberta_base seed=43 best_val_f1=0.6135 best_epoch=5 epochs_run=8
[sweep 31/32] phase=benchmark deberta_base_lr3e-5_none_seed43 best_val_f1=0.6135 best_epoch=5
[benchmark] evaluating /lus/lfs1aip2/projects/b5ac/project_1/data/10_recipe_sweep_and_training/sweep/checkpoints/deberta_base_lr3e-5_none_seed43 on 14395 BioRED test examples
[benchmark] batch 1/450 examples=32/14395
[benchmark] batch 45/450 examples=1440/14395
[benchmark] batch 90/450 examples=2880/14395
[benchmark] batch 135/450 examples=4320/14395
[benchmark] batch 180/450 examples=5760/14395
[benchmark] batch 225/450 examples=7200/14395
[benchmark] batch 270/450 examples=8640/14395
[benchmark] batch 315/450 examples=10080/14395
[benchmark] batch 360/450 examples=11520/14395
[benchmark] batch 405/450 examples=12960/14395
[benchmark] batch 450/450 examples=14395/14395
[benchmark] done f1=0.7444 precision=0.7995 recall=0.6965 n_positives=8875
[sweep 31/32] done (bad-seed guard) deberta_base_lr3e-5_none_seed43: benchmark_f1=0.7444 best_epoch=5 degenerate=False marker=/lus/lfs1aip2/projects/b5ac/project_1/data/10_recipe_sweep_and_training/sweep/results/deberta_base_lr3e-5_none_seed43/sweep_complete.json
[sweep 31/32] guard run 2/2 seed=44
[sweep 31/32] start (bad-seed guard) deberta_base_lr3e-5_none_seed44 model=DeBERTa-base lr=3e-05 warmup=none seed=44
[sweep 31/32] phase=train checkpoint_dir=/lus/lfs1aip2/projects/b5ac/project_1/data/10_recipe_sweep_and_training/sweep/checkpoints/deberta_base_lr3e-5_none_seed44
[train] start deberta_base seed=44 lr=3e-05 warmup=none train=24000 val=25311 -> /lus/lfs1aip2/projects/b5ac/project_1/data/10_recipe_sweep_and_training/sweep/checkpoints/deberta_base_lr3e-5_none_seed44
[train] device=cuda batch_size=16 max_epochs=10
Some weights of DebertaForSequenceClassification were not initialized from the model checkpoint at microsoft/deberta-base and are newly initialized: ['classifier.bias', 'classifier.weight', 'pooler.dense.bias', 'pooler.dense.weight']
You should probably TRAIN this model on a down-stream task to be able to use it for predictions and inference.
[train] epoch 1/10 train batch 1/1500 loss=0.7130
[train] epoch 1/10 train batch 500/1500 loss=0.6394
[train] epoch 1/10 train batch 1000/1500 loss=0.7003
[train] epoch 1/10 train batch 1500/1500 loss=0.5724
[train] epoch 1 validating (1582 batches)...
[train] epoch 1/10 train_loss=0.6620 val_loss=0.6562 val_f1=0.4688 patience=0/3 -> new best saved
[train] epoch 2/10 train batch 1/1500 loss=0.6103
[train] epoch 2/10 train batch 500/1500 loss=0.5662
[train] epoch 2/10 train batch 1000/1500 loss=0.7012
[train] epoch 2/10 train batch 1500/1500 loss=0.5710
[train] epoch 2 validating (1582 batches)...
[train] epoch 2/10 train_loss=0.6515 val_loss=0.6874 val_f1=0.4093 patience=1/3
[train] epoch 3/10 train batch 1/1500 loss=0.6117
[train] epoch 3/10 train batch 500/1500 loss=0.6977
[train] epoch 3/10 train batch 1000/1500 loss=0.7034
[train] epoch 3/10 train batch 1500/1500 loss=0.6890
[train] epoch 3 validating (1582 batches)...
[train] epoch 3/10 train_loss=0.6938 val_loss=0.6932 val_f1=0.0000 patience=2/3
[train] epoch 4/10 train batch 1/1500 loss=0.7016
[train] epoch 4/10 train batch 500/1500 loss=0.6897
[train] epoch 4/10 train batch 1000/1500 loss=0.6884
[train] epoch 4/10 train batch 1500/1500 loss=0.6863
[train] epoch 4 validating (1582 batches)...
[train] epoch 4/10 train_loss=0.6935 val_loss=0.6943 val_f1=0.0000 patience=3/3
[train] early stop at epoch 4 (no val_f1 improvement for 3 epochs)
[train] done deberta_base seed=44 best_val_f1=0.4688 best_epoch=1 epochs_run=4
[sweep 31/32] phase=benchmark deberta_base_lr3e-5_none_seed44 best_val_f1=0.4688 best_epoch=1
[benchmark] evaluating /lus/lfs1aip2/projects/b5ac/project_1/data/10_recipe_sweep_and_training/sweep/checkpoints/deberta_base_lr3e-5_none_seed44 on 14395 BioRED test examples
[benchmark] batch 1/450 examples=32/14395
[benchmark] batch 45/450 examples=1440/14395
[benchmark] batch 90/450 examples=2880/14395
[benchmark] batch 135/450 examples=4320/14395
[benchmark] batch 180/450 examples=5760/14395
[benchmark] batch 225/450 examples=7200/14395
[benchmark] batch 270/450 examples=8640/14395
[benchmark] batch 315/450 examples=10080/14395
[benchmark] batch 360/450 examples=11520/14395
[benchmark] batch 405/450 examples=12960/14395
[benchmark] batch 450/450 examples=14395/14395
[benchmark] done f1=0.6016 precision=0.7120 recall=0.5209 n_positives=8875
[sweep 31/32] done (bad-seed guard) deberta_base_lr3e-5_none_seed44: benchmark_f1=0.6016 best_epoch=1 degenerate=False marker=/lus/lfs1aip2/projects/b5ac/project_1/data/10_recipe_sweep_and_training/sweep/results/deberta_base_lr3e-5_none_seed44/sweep_complete.json
[sweep 32/32] start deberta_base_lr3e-5_warmup_10pct_seed42 model=DeBERTa-base lr=3e-05 warmup=warmup_10pct seed=42
[sweep 32/32] phase=train checkpoint_dir=/lus/lfs1aip2/projects/b5ac/project_1/data/10_recipe_sweep_and_training/sweep/checkpoints/deberta_base_lr3e-5_warmup_10pct_seed42
[train] start deberta_base seed=42 lr=3e-05 warmup=warmup_10pct train=24000 val=25311 -> /lus/lfs1aip2/projects/b5ac/project_1/data/10_recipe_sweep_and_training/sweep/checkpoints/deberta_base_lr3e-5_warmup_10pct_seed42
[train] device=cuda batch_size=16 max_epochs=10
Some weights of DebertaForSequenceClassification were not initialized from the model checkpoint at microsoft/deberta-base and are newly initialized: ['classifier.bias', 'classifier.weight', 'pooler.dense.bias', 'pooler.dense.weight']
You should probably TRAIN this model on a down-stream task to be able to use it for predictions and inference.
[train] epoch 1/10 train batch 1/1500 loss=0.7143
[train] epoch 1/10 train batch 500/1500 loss=0.7059
[train] epoch 1/10 train batch 1000/1500 loss=0.6785
[train] epoch 1/10 train batch 1500/1500 loss=0.7227
[train] epoch 1 validating (1582 batches)...
[train] epoch 1/10 train_loss=0.6819 val_loss=0.6804 val_f1=0.4588 patience=0/3 -> new best saved
[train] epoch 2/10 train batch 1/1500 loss=0.6377
[train] epoch 2/10 train batch 500/1500 loss=0.6106
[train] epoch 2/10 train batch 1000/1500 loss=0.5229
[train] epoch 2/10 train batch 1500/1500 loss=0.4852
[train] epoch 2 validating (1582 batches)...
[train] epoch 2/10 train_loss=0.5988 val_loss=0.6486 val_f1=0.5726 patience=0/3 -> new best saved
[train] epoch 3/10 train batch 1/1500 loss=0.6068
[train] epoch 3/10 train batch 500/1500 loss=0.7079
[train] epoch 3/10 train batch 1000/1500 loss=0.3278
[train] epoch 3/10 train batch 1500/1500 loss=0.5867
[train] epoch 3 validating (1582 batches)...
[train] epoch 3/10 train_loss=0.5885 val_loss=0.6415 val_f1=0.4990 patience=1/3
[train] epoch 4/10 train batch 1/1500 loss=0.4233
[train] epoch 4/10 train batch 500/1500 loss=0.4988
[train] epoch 4/10 train batch 1000/1500 loss=0.5468
[train] epoch 4/10 train batch 1500/1500 loss=0.5319
[train] epoch 4 validating (1582 batches)...
[train] epoch 4/10 train_loss=0.5054 val_loss=0.6857 val_f1=0.5524 patience=2/3
[train] epoch 5/10 train batch 1/1500 loss=0.4199
[train] epoch 5/10 train batch 500/1500 loss=0.3817
[train] epoch 5/10 train batch 1000/1500 loss=0.4914
[train] epoch 5/10 train batch 1500/1500 loss=0.5706
[train] epoch 5 validating (1582 batches)...
[train] epoch 5/10 train_loss=0.4580 val_loss=0.7212 val_f1=0.6621 patience=0/3 -> new best saved
[train] epoch 6/10 train batch 1/1500 loss=0.4480
[train] epoch 6/10 train batch 500/1500 loss=0.4666
[train] epoch 6/10 train batch 1000/1500 loss=0.6976
[train] epoch 6/10 train batch 1500/1500 loss=0.2930
[train] epoch 6 validating (1582 batches)...
[train] epoch 6/10 train_loss=0.4168 val_loss=0.7248 val_f1=0.5713 patience=1/3
[train] epoch 7/10 train batch 1/1500 loss=0.3752
[train] epoch 7/10 train batch 500/1500 loss=0.3115
[train] epoch 7/10 train batch 1000/1500 loss=0.2946
[train] epoch 7/10 train batch 1500/1500 loss=0.2751
[train] epoch 7 validating (1582 batches)...
[train] epoch 7/10 train_loss=0.3817 val_loss=0.7932 val_f1=0.6076 patience=2/3
[train] epoch 8/10 train batch 1/1500 loss=0.2899
[train] epoch 8/10 train batch 500/1500 loss=0.4775
[train] epoch 8/10 train batch 1000/1500 loss=0.5002
[train] epoch 8/10 train batch 1500/1500 loss=0.2696
[train] epoch 8 validating (1582 batches)...
[train] epoch 8/10 train_loss=0.3457 val_loss=0.7572 val_f1=0.6125 patience=3/3
[train] early stop at epoch 8 (no val_f1 improvement for 3 epochs)
[train] done deberta_base seed=42 best_val_f1=0.6621 best_epoch=5 epochs_run=8
[sweep 32/32] phase=benchmark deberta_base_lr3e-5_warmup_10pct_seed42 best_val_f1=0.6621 best_epoch=5
[benchmark] evaluating /lus/lfs1aip2/projects/b5ac/project_1/data/10_recipe_sweep_and_training/sweep/checkpoints/deberta_base_lr3e-5_warmup_10pct_seed42 on 14395 BioRED test examples
[benchmark] batch 1/450 examples=32/14395
[benchmark] batch 45/450 examples=1440/14395
[benchmark] batch 90/450 examples=2880/14395
[benchmark] batch 135/450 examples=4320/14395
[benchmark] batch 180/450 examples=5760/14395
[benchmark] batch 225/450 examples=7200/14395
[benchmark] batch 270/450 examples=8640/14395
[benchmark] batch 315/450 examples=10080/14395
[benchmark] batch 360/450 examples=11520/14395
[benchmark] batch 405/450 examples=12960/14395
[benchmark] batch 450/450 examples=14395/14395
[benchmark] done f1=0.7687 precision=0.7317 recall=0.8098 n_positives=8875
[sweep 32/32] done deberta_base_lr3e-5_warmup_10pct_seed42: benchmark_f1=0.7687 best_epoch=5 degenerate=False marker=/lus/lfs1aip2/projects/b5ac/project_1/data/10_recipe_sweep_and_training/sweep/results/deberta_base_lr3e-5_warmup_10pct_seed42/sweep_complete.json

=== Step-1 sweep complete (32 primary points) ===
[sweep] results dir: /lus/lfs1aip2/projects/b5ac/project_1/data/10_recipe_sweep_and_training/sweep/results
=== Done ===
=== Recipe sweep and training 2026-06-05T11:52:11.028578 ===
[run] mode=sweep-advisory-only

=== Step-1 recipe advisory (seed 42; you choose the recipe) ===
Criteria: (1) low encoder spread, (2) high absolute F1, (3) capability vs weak-model gap, (4) all-encoder stability incl. DeBERTa, (5) stable best epoch.
   lr warmup_label  n_encoders  benchmark_f1_mean  benchmark_f1_min  benchmark_f1_max  benchmark_f1_spread  best_epoch_mean  best_epoch_std  capability_minus_weak_mean  n_degenerate_seed42  all_encoders_stable_seed42  deberta_f1
0.000 warmup_10pct           4              0.745             0.736             0.759                0.023            6.250           0.829                       0.006                    0                        True       0.759
0.000         none           4              0.761             0.744             0.782                0.038            5.500           3.041                       0.023                    0                        True       0.773
0.000 warmup_10pct           4              0.736             0.716             0.762                0.046            6.500           1.658                       0.026                    0                        True       0.738
0.000         none           4              0.756             0.728             0.775                0.047            4.750           2.165                       0.012                    0                        True       0.774
0.000         none           4              0.749             0.721             0.774                0.053            4.000           2.739                       0.013                    0                        True       0.721
0.000 warmup_10pct           4              0.746             0.714             0.770                0.056            7.750           0.433                       0.042                    0                        True       0.765
0.000 warmup_10pct           4              0.754             0.713             0.793                0.080            6.000           3.391                       0.055                    0                        True       0.769
0.000         none           4              0.529             0.000             0.756                0.756            2.250           1.639                      -0.185                    1                       False       0.000

=== Bad-seed guard outcomes (seeds 43 and 44; NOT in table above) ===
    model_id    lr warmup_label  primary_seed  primary_degenerate  guard_seed  guard_benchmark_f1  guard_degenerate guard_outcome
deberta_base 0.000         none            42                True          43               0.744             False     recovered
deberta_base 0.000         none            42                True          44               0.602             False     recovered

Guard rows show whether seeds 43 and 44 recovered or also collapsed when seed 42 failed. Use them alongside the seed-42 table for stability judgement.

This table is advisory only. Set CHOSEN_RECIPE in config.py before step-2 training.
=== Done ===
End: Fri Jun  5 11:52:34 UTC 2026
